source_record_id,category,normalization_status,resume_excerpt,top_occ_candidates,top_skill_candidates,occupation_esco_id,skill_esco_id,annotator_notes
10235429,FITNESS,partial,"FITNESS INSTRUCTOR Professional Summary Dynamic, entrepreneurial sales executive with a record of achievement and success driving sales growth in highly competitive markets. Solid background securing key clients and increasing product distribution to grow market share. Steadfast in building new business, securing customer loyalty, and developing strong relationships with external business partners. Well organized with a track record that demonstrates self-motivation, creativity and the initiativ","1:fitness instructor [http://data.europa.eu/esco/occupation/c784c2db-e636-429f-8492-3191790a58d7] (exact,1.0000) || 2:marketing manager [http://data.europa.eu/esco/occupation/6fcf4638-e7c7-4978-9302-9a7b63a3d57c] (alt_label,0.9500) || 3:product manager [http://data.europa.eu/esco/occupation/9f508305-80ce-4111-8722-f2c9b4a44890] (alt_label,0.9500) || 4:branch manager [http://data.europa.eu/esco/occupation/0917ab6b-18a8-4cfd-8e7a-843b88cf9457] (fuzzy,0.9200) || 5:trade regional manager [http://data.europa.eu/esco/occupation/3a4c4e33-ee34-4abe-ba5c-26f9037d292f] (fuzzy,0.9200) || 6:fire commissioner [http://data.europa.eu/esco/occupation/f2413988-f76a-4636-a4b1-9952517aa21f] (fuzzy,0.9200) || 7:zoo educator [http://data.europa.eu/esco/occupation/7c5e4ca1-e8be-4297-9014-509d5ba57210] (fuzzy,0.9200) || 8:purchaser [http://data.europa.eu/esco/occupation/29fa406d-de89-4515-be8d-0fe7bda993f1] (fuzzy,0.9200) || 9:product assembly inspector [http://data.europa.eu/esco/occupation/753939ad-b03e-47cd-913b-56f30b5ae8fc] (fuzzy,0.9200)",,http://data.europa.eu/esco/occupation/c784c2db-e636-429f-8492-3191790a58d7,,
10504237,TEACHER,success,"BIOLOGY TEACHER Experience 11/2016 to Current Biology Teacher Company Name － City , State Execute, implement, and modify lesson plans while incorporating differentiated instruction and multiple intelligences. Design and align lessons, labs, and assessments incorporating STEM, problem based learning, Common Core and NGSS. Volunteer and participate in schools extracurricular activities such as selling tickets for the school talent show and participating in the Lindenwold HS 5K for the scholarship ","1:bacteriology technician [http://data.europa.eu/esco/occupation/f3b99acc-b212-45cf-bb4f-7b83cc6f0d71] (fuzzy,1.0000) || 2:biology lecturer [http://data.europa.eu/esco/occupation/5fdfa822-c1ba-477e-87cc-3d742e59310d] (alt_label,0.9800) || 3:biology teacher secondary school [http://data.europa.eu/esco/occupation/8d315e32-73f6-463d-a335-c200e0bac97d] (alt_label,0.9800) || 4:politics lecturer [http://data.europa.eu/esco/occupation/c593ded7-2e97-44a5-a5f3-f6115ff98233] (alt_label,0.9650) || 5:quality engineering technician [http://data.europa.eu/esco/occupation/998a0bf4-b1be-42ab-aee5-0096c9be3319] (fuzzy,0.9500) || 6:consumer electronics repair technician [http://data.europa.eu/esco/occupation/f8ab2e08-d14e-4938-a2cd-c04821556db7] (fuzzy,0.9500)","1:biology [http://data.europa.eu/esco/skill/9433da85-70fa-4a25-8f96-71fa59dd1989] (exact,1.0000) || 2:database [http://data.europa.eu/esco/skill/43ae58b9-5e56-4524-b45a-b422777a0576] (exact,1.0000) || 3:English [http://data.europa.eu/esco/skill/6d3edede-8951-4621-a835-e04323300fa0] (exact,1.0000) || 4:pathology [http://data.europa.eu/esco/skill/db8a9ba7-96ad-4c53-b552-d4f1570dfefb] (exact,1.0000) || 5:statistics [http://data.europa.eu/esco/skill/7ee4c2ea-b349-4bd2-81a3-ec31475d4833] (exact,1.0000) || 6:maintain equipment [http://data.europa.eu/esco/skill/5033c2fb-ec55-4b8e-b0a4-9379593f1e1c] (alt_label,0.9500) || 7:perform minor repairs to equipment [http://data.europa.eu/esco/skill/c0fc7d2d-d013-40d7-bc58-75cf3771153f] (alt_label,0.9500) || 8:surgical asepsis [http://data.europa.eu/esco/skill/3d395072-95d7-4706-986f-a7d29ddbd547] (fuzzy,0.9200) || 9:transfer medication [http://data.europa.eu/esco/skill/2755816d-b765-435e-a29e-dddfddee1786] (fuzzy,0.9200) || 10:apply safety procedures in laboratory [http://data.europa.eu/esco/skill/6f571969-3640-4774-a9bc-fd2ef583fdec] (fuzzy,0.9200)",http://data.europa.eu/esco/occupation/f3b99acc-b212-45cf-bb4f-7b83cc6f0d71,http://data.europa.eu/esco/skill/9433da85-70fa-4a25-8f96-71fa59dd1989;http://data.europa.eu/esco/skill/43ae58b9-5e56-4524-b45a-b422777a0576,
10889157,CHEF,partial,"LEAD COOK (COOK III) Summary Charles Hundley has well over nine years of overall cooking and kitchen experience. Four years of lead cook experience. Three years as a certified trainer. He has gained various amounts of knowledge in the culinary industry and has taken his career to many different levels throughout his cooking career, though he only has minimal school training Charles has learned from various top of the line chefs including the top three chefs of The Norwegian Cruise Line's Pride O","1:chef [http://data.europa.eu/esco/occupation/1009be17-7efd-45f1-a033-566bf179c588] (exact,1.0000) || 2:cook [http://data.europa.eu/esco/occupation/90f75f67-495d-49fa-ab57-2f320e251d7e] (exact,1.0000) || 3:secretary [http://data.europa.eu/esco/occupation/5ac377d2-e1d0-4911-a299-b4ef2782a0ba] (fuzzy,0.9200) || 4:head chef [http://data.europa.eu/esco/occupation/01484951-15e6-4b88-a20f-1201868d36a0] (fuzzy,0.9200)",,http://data.europa.eu/esco/occupation/1009be17-7efd-45f1-a033-566bf179c588,,
13037145,FITNESS,success,"SOCIAL MEDIA AGENT Summary College prepared student with over three years of front line customer service experience, excellent communication skills, with strong work ethic. Looking for opportunities in Corporate America to develop as a career professional where training, coaching, and mentoring opportunities are available. Teachable and quick to learn taking on new roles and responsibilities with flexible schedule. *Detail and Deadline Oriented *Critical Thinking *Superior Writing Skills Highlig","1:auctioneer [http://data.europa.eu/esco/occupation/f1ecc3c4-8212-4386-871a-6fda1b5b4d91] (fuzzy,0.9200)","1:customer service [http://data.europa.eu/esco/skill/15a33d76-4640-438d-ae64-fdc0c1d3eebc] (exact,1.0000) || 2:English [http://data.europa.eu/esco/skill/6d3edede-8951-4621-a835-e04323300fa0] (exact,1.0000) || 3:public relations [http://data.europa.eu/esco/skill/5330b70e-16f5-43a7-a6de-18fd6a4bd063] (exact,1.0000) || 4:Spanish [http://data.europa.eu/esco/skill/14ee9f76-3524-43d5-8a1a-5ba8283f8bd7] (exact,1.0000) || 5:procurement of ICT network equipment [http://data.europa.eu/esco/skill/32428b21-514b-42c2-81b5-244a7804ea74] (alt_label,0.9500) || 6:analyse call centre activities [http://data.europa.eu/esco/skill/3bb6f78f-24f3-4799-b247-91a0c4bf5d81] (fuzzy,0.9200) || 7:Computer Assisted Language Learning [http://data.europa.eu/esco/skill/b8df1689-6763-437d-bfca-fe03d43f36c3] (fuzzy,0.9200) || 8:social media marketing techniques [http://data.europa.eu/esco/skill/509909a2-4a8f-4ead-8ad0-968df63b77cc] (fuzzy,0.9200) || 9:use microsoft office [http://data.europa.eu/esco/skill/f683ae1d-cb7c-4aa1-b9fe-205e1bd23535] (fuzzy,0.8324) || 10:use word processing software [http://data.europa.eu/esco/skill/81633a44-f1db-4a01-a940-804c6905e330] (fuzzy,0.7957)",http://data.europa.eu/esco/occupation/f1ecc3c4-8212-4386-871a-6fda1b5b4d91,http://data.europa.eu/esco/skill/15a33d76-4640-438d-ae64-fdc0c1d3eebc;http://data.europa.eu/esco/skill/6d3edede-8951-4621-a835-e04323300fa0,
13348915,SALES,success,"SALES ASSOCIATE Summary Punctual retail sales professional focused on exceeding expectations and building customer loyalty. Flexible schedule and strong mathematical aptitude. Results-oriented Store Manager focused on increasing profits, reducing costs, inventory management and transforming customer service standards. Enthusiastic, outgoing and fashion-savvy Sales Associate proficient at building positive relationships with new and existing customers by offering superior customer service. Highli","1:sales support assistant [http://data.europa.eu/esco/occupation/5c1eba1e-7820-4287-9746-4c5906320100] (alt_label,0.9650) || 2:sales account manager [http://data.europa.eu/esco/occupation/2eac08c2-a81a-46fc-8d75-eb0e0f3e0f6d] (fuzzy,0.9500) || 3:bank manager [http://data.europa.eu/esco/occupation/754ce08f-b4d9-4b9c-b9d2-06f15258a3ce] (fuzzy,0.9200) || 4:business analyst [http://data.europa.eu/esco/occupation/60082a99-d8ef-4e84-9290-78902681b6ed] (fuzzy,0.9200)","1:customer service [http://data.europa.eu/esco/skill/15a33d76-4640-438d-ae64-fdc0c1d3eebc] (exact,1.0000) || 2:blockchain consensus mechanisms [http://data.europa.eu/esco/skill/f7e051fc-8f7b-45b3-8911-8ffb9b951f4a] (alt_label,0.9500) || 3:operate cash register [http://data.europa.eu/esco/skill/0cb013af-6dd9-4fb2-b34e-63dda1a5cf82] (fuzzy,0.9200) || 4:English [http://data.europa.eu/esco/skill/6d3edede-8951-4621-a835-e04323300fa0] (fuzzy,0.9200) || 5:work in a hospitality team [http://data.europa.eu/esco/skill/8c8da904-cdb3-47d9-bfbf-15ade747d9ec] (fuzzy,0.9200) || 6:consumer law [http://data.europa.eu/esco/skill/947e6a15-5539-43e2-b62f-6a52fd57e0a0] (fuzzy,0.8454) || 7:have computer literacy [http://data.europa.eu/esco/skill/d15ce60f-ddab-41ce-ba56-398451b77b60] (fuzzy,0.8118)",http://data.europa.eu/esco/occupation/5c1eba1e-7820-4287-9746-4c5906320100,http://data.europa.eu/esco/skill/15a33d76-4640-438d-ae64-fdc0c1d3eebc;http://data.europa.eu/esco/skill/f7e051fc-8f7b-45b3-8911-8ffb9b951f4a,
13520837,HR,success,"HR REPRESENTATIVE Summary A motivated business partner who communicates and collaborates effectively with all levels of personnel by relying on outstanding interpersonal and customer service skills, excellent sense of urgency and time management skills and taking pride in delivering high quality work. Highlights provide a high level of service to both internal and external clients and candidates possess excellent communication skills an organizational guru communication skills, have the ability ","1:human resources officer [http://data.europa.eu/esco/occupation/d3e32e5e-7f24-48e3-b939-e4f800eb62fb] (alt_label,0.9800) || 2:typist [http://data.europa.eu/esco/occupation/22f86890-f68b-402f-a711-3e6df4913271] (alt_label,0.9500) || 3:human resources assistant [http://data.europa.eu/esco/occupation/d8ed1703-9c03-4ea0-83cc-b6169bc54ffd] (fuzzy,0.9500) || 4:talent acquisition manager [http://data.europa.eu/esco/occupation/a6e8a6bf-9209-4d19-a131-a8b6431e0f75] (fuzzy,0.9500)","1:customer service [http://data.europa.eu/esco/skill/15a33d76-4640-438d-ae64-fdc0c1d3eebc] (exact,1.0000) || 2:human resource management [http://data.europa.eu/esco/skill/e437eba1-3e22-41f2-8703-741e94785cba] (alt_label,0.9500) || 3:supervise data entry [http://data.europa.eu/esco/skill/f399a9c1-be41-4117-bf86-a64b503c4cfd] (fuzzy,0.9200) || 4:maintain data entry requirements [http://data.europa.eu/esco/skill/88564d2d-2dc9-4789-864a-f9cb73f389ec] (fuzzy,0.9200) || 5:make time-critical decisions [http://data.europa.eu/esco/skill/875217fb-fe22-4c2c-adf4-b57f2052626a] (fuzzy,0.9200) || 6:consider economic criteria in decision making [http://data.europa.eu/esco/skill/d41262ae-eca1-4ede-89a8-46d2d99a7a31] (fuzzy,0.9200) || 7:identify necessary human resources [http://data.europa.eu/esco/skill/b22e46d7-1c5f-4837-943f-7f75531acc26] (fuzzy,0.9200) || 8:accurately estimate work hours [http://data.europa.eu/esco/skill/bd556223-d9af-434b-a6bf-e70fa3ed3d12] (fuzzy,0.9200) || 9:car controls [http://data.europa.eu/esco/skill/1b1c2d44-c487-4121-a2ed-dcda651f4d59] (fuzzy,0.8096)",http://data.europa.eu/esco/occupation/d3e32e5e-7f24-48e3-b939-e4f800eb62fb,http://data.europa.eu/esco/skill/15a33d76-4640-438d-ae64-fdc0c1d3eebc;http://data.europa.eu/esco/skill/e437eba1-3e22-41f2-8703-741e94785cba,
14364597,PUBLIC-RELATIONS,success,"PUBLIC RELATIONS & DEVELOPMENT ASSOCIATE Summary Strong software skills including MS Word, Excel, PowerPoint, Publisher, Banner, VisiFlow, XtenderSolutions, Cisco Agent Desktop, Cisco Supervisor Desktop and Adobe Acrobat. Proficient with mainstream social networking sites. Highlights Training and development Team building & management Dedicated to process improvement Invoice processing Management of remote employees High customer service standards Client relations specialist Excellent communicat","1:secretary [http://data.europa.eu/esco/occupation/5ac377d2-e1d0-4911-a299-b4ef2782a0ba] (fuzzy,0.9200) || 2:assistant video and motion picture director [http://data.europa.eu/esco/occupation/71898b81-fc2f-4a97-826d-f45e49a8160a] (fuzzy,0.9200) || 3:lottery cashier [http://data.europa.eu/esco/occupation/3f32394b-f1b1-48ef-96ee-74405fb7c6b6] (fuzzy,0.9200)","1:customer service [http://data.europa.eu/esco/skill/15a33d76-4640-438d-ae64-fdc0c1d3eebc] (fuzzy,0.9200) || 2:Cisco [http://data.europa.eu/esco/skill/709ef32a-7435-48e2-8fa2-16e389ecab8a] (fuzzy,0.9200) || 3:represent the company [http://data.europa.eu/esco/skill/43268a87-8280-4e3f-bf97-97dc973d60ef] (fuzzy,0.8178) || 4:human resource management [http://data.europa.eu/esco/skill/e437eba1-3e22-41f2-8703-741e94785cba] (fuzzy,0.8000)",http://data.europa.eu/esco/occupation/5ac377d2-e1d0-4911-a299-b4ef2782a0ba,http://data.europa.eu/esco/skill/15a33d76-4640-438d-ae64-fdc0c1d3eebc;http://data.europa.eu/esco/skill/709ef32a-7435-48e2-8fa2-16e389ecab8a,
15210069,AUTOMOBILE,success,"SOFTWARE SUPPORT SPECIALIST Professional Summary Dedicated Customer Service Representative motivated to maintain customer satisfaction and contribute to company success. Skill Highlights Strong organizational skills Energetic work attitude Telephone inquiries specialist Customer service expert Telecommunication skills Adaptive team player Active listening skills Sharp problem solver Work Experience Software Support Specialist Company Name － City , State Evaluated system potential by testing comp","1:branch manager [http://data.europa.eu/esco/occupation/0917ab6b-18a8-4cfd-8e7a-843b88cf9457] (exact,1.0000) || 2:commercial sales representative [http://data.europa.eu/esco/occupation/14031d4a-6e99-442f-b4fe-18262b6432b2] (alt_label,0.9500) || 3:software developer [http://data.europa.eu/esco/occupation/f2b15a0e-e65a-438a-affb-29b9d50b77d1] (fuzzy,0.9200) || 4:police inspector [http://data.europa.eu/esco/occupation/ce2b8609-34c7-40d3-a4f7-581c76bd258a] (fuzzy,0.9200) || 5:building cleaner [http://data.europa.eu/esco/occupation/303a1e34-cb16-4054-b323-81e5eec17397] (fuzzy,0.9200)","1:customer service [http://data.europa.eu/esco/skill/15a33d76-4640-438d-ae64-fdc0c1d3eebc] (exact,1.0000) || 2:philosophy [http://data.europa.eu/esco/skill/967b60c2-4657-4ffc-bcaf-aab565793f97] (exact,1.0000) || 3:economics [http://data.europa.eu/esco/skill/88af9294-b697-4687-ae19-aefbb6234dfa] (alt_label,0.9500) || 4:cyber security [http://data.europa.eu/esco/skill/8088750d-8388-4170-a76f-48354c469c44] (alt_label,0.9500) || 5:apply air force procedures [http://data.europa.eu/esco/skill/607f81ad-93c3-4c62-aa8b-0f8756d90a04] (fuzzy,0.9200) || 6:air force operations [http://data.europa.eu/esco/skill/b5d82f65-8934-4cc2-8ced-2a23871d02e0] (fuzzy,0.9200) || 7:database [http://data.europa.eu/esco/skill/43ae58b9-5e56-4524-b45a-b422777a0576] (fuzzy,0.9200) || 8:database management systems [http://data.europa.eu/esco/skill/ab1e97ed-2319-4293-a8b7-072d2648822f] (fuzzy,0.9200) || 9:sell software personal training [http://data.europa.eu/esco/skill/9710209e-d80f-4459-aaa4-28aafadb008d] (fuzzy,0.9200) || 10:communication [http://data.europa.eu/esco/skill/15d76317-c71a-4fa2-aadc-2ecc34e627b7] (fuzzy,0.9200)",http://data.europa.eu/esco/occupation/0917ab6b-18a8-4cfd-8e7a-843b88cf9457,http://data.europa.eu/esco/skill/15a33d76-4640-438d-ae64-fdc0c1d3eebc;http://data.europa.eu/esco/skill/967b60c2-4657-4ffc-bcaf-aab565793f97,
15261348,CHEF,success,CHEF AND RESTAURANT MANAGER Summary Chef with 15 years of highly recognized work in catering and restaurant management in 4 star hotels and leading restaurants. Specializes in creating menus that attract and retain customers for events and parties. Looking for a challenging role in culinary management. Highlights Focus on portion and cost control High volume production capability Orchestrated a successful profit and loss statement Inventory management control ServSafe certified Utilized systems ,"1:chef [http://data.europa.eu/esco/occupation/1009be17-7efd-45f1-a033-566bf179c588] (exact,1.0000) || 2:cook [http://data.europa.eu/esco/occupation/90f75f67-495d-49fa-ab57-2f320e251d7e] (exact,1.0000) || 3:accommodation manager [http://data.europa.eu/esco/occupation/53cdd34e-22f2-41bd-b3c7-de22bf9bbcae] (fuzzy,0.9200) || 4:head chef [http://data.europa.eu/esco/occupation/01484951-15e6-4b88-a20f-1201868d36a0] (fuzzy,0.9200)","1:project commissioning [http://data.europa.eu/esco/skill/4ca91852-c534-4b98-ab1c-59a126534c88] (fuzzy,0.9200) || 2:project management [http://data.europa.eu/esco/skill/7111b95d-0ce3-441a-9d92-4c75d05c4388] (fuzzy,0.9200)",http://data.europa.eu/esco/occupation/1009be17-7efd-45f1-a033-566bf179c588,http://data.europa.eu/esco/skill/4ca91852-c534-4b98-ab1c-59a126534c88;http://data.europa.eu/esco/skill/7111b95d-0ce3-441a-9d92-4c75d05c4388,
16899268,INFORMATION-TECHNOLOGY,success,"INFORMATION TECHNOLOGY MANAGER/ANALYST Professional Summary Innovative and solution focused web development manager/analyst with extensive experience in Program and Project Management. Detail-oriented and skilled in identifying technology needs, creating a plan for solving them, and leading multiple teams to implement the solutions. Self motivated, strong leader, and team player that works hard developing staff. Experienced in working in industry and academia. Skills Project management Program m","1:ICT teacher secondary school [http://data.europa.eu/esco/occupation/0d595b87-a1fc-410c-abbe-88b92cb0d334] (fuzzy,0.9200) || 2:cyber incident responder [http://data.europa.eu/esco/occupation/0ce5a9f4-e00a-4bbe-b255-3c63407167a4] (fuzzy,0.9200) || 3:telecommunications manager [http://data.europa.eu/esco/occupation/3ce4691e-ecea-4278-939e-b89ab01087b8] (fuzzy,0.9200) || 4:public relations manager [http://data.europa.eu/esco/occupation/6cc19251-763b-4de1-b4f7-526c9ff732d2] (fuzzy,0.9200)","1:plan [http://data.europa.eu/esco/skill/e49f4158-9d4c-425d-bf32-dfe89b19840a] (fuzzy,0.9200)",http://data.europa.eu/esco/occupation/0d595b87-a1fc-410c-abbe-88b92cb0d334,http://data.europa.eu/esco/skill/e49f4158-9d4c-425d-bf32-dfe89b19840a,
17111768,INFORMATION-TECHNOLOGY,success,"INFORMATION TECHNOLOGY PROJECT MANAGER SYSTEM ANALYSIS (SYSANALSYS) [GS-2210-12] Professional Overview Highly-qualified Department of Defense (DoD) Program Manager (PM) professional, driven to maximize Mission Partner (MP) operational efficiency through planning, project management and Infrastructure Technology (IT) expertise. Excels at building dynamic team relationships and achieves project management process improvements. Looking to continue federal career as a strategic planner possessing ex","1:ICT teacher secondary school [http://data.europa.eu/esco/occupation/0d595b87-a1fc-410c-abbe-88b92cb0d334] (fuzzy,0.9200) || 2:cyber incident responder [http://data.europa.eu/esco/occupation/0ce5a9f4-e00a-4bbe-b255-3c63407167a4] (fuzzy,0.9200) || 3:computer hardware repair technician [http://data.europa.eu/esco/occupation/b7aa4b4e-dbb6-4f58-b36c-35b9a7267972] (fuzzy,0.9200) || 4:consumer electronics repair technician [http://data.europa.eu/esco/occupation/f8ab2e08-d14e-4938-a2cd-c04821556db7] (fuzzy,0.9200)","1:financial analysis [http://data.europa.eu/esco/skill/99571e68-801f-49af-a897-5f75996642e1] (alt_label,0.9500) || 2:international financial reporting standards [http://data.europa.eu/esco/skill/4a855abe-ac5b-4e95-ac10-3c1adceeee28] (fuzzy,0.9200) || 3:global standards for sustainability reporting [http://data.europa.eu/esco/skill/4300b453-9bcf-474c-9ee3-92ec2229720c] (fuzzy,0.9200)",http://data.europa.eu/esco/occupation/0d595b87-a1fc-410c-abbe-88b92cb0d334,http://data.europa.eu/esco/skill/99571e68-801f-49af-a897-5f75996642e1;http://data.europa.eu/esco/skill/4a855abe-ac5b-4e95-ac10-3c1adceeee28,
18488289,DIGITAL-MEDIA,partial,"SENIOR DIGITAL MARKETING SPECIALIST Summary Digital marketing professional experienced in SEO, PPC and account management. Knowledgeable about conversion rate optimization, content marketing, analytics and proficient in wide variety of SEO/PPC tools. Highlights Excellent written and verbal communicator Superb time management skills Cross-functional team leadership Focused and driven Skilled multi-tasker Results-oriented Deadline-driven Self-directed Detail-oriented Customer service-oriented Quic","1:marketing assistant [http://data.europa.eu/esco/occupation/47e81c7f-2d04-4a60-a8ff-9913c36d8344] (exact,1.0000) || 2:digital marketing manager [http://data.europa.eu/esco/occupation/dc97adbe-f807-4ad8-8f3c-c24b3416cdef] (fuzzy,0.9200) || 3:marketing consultant [http://data.europa.eu/esco/occupation/4791e217-d607-40d5-9f84-df1d0a071cbc] (fuzzy,0.9200) || 4:search engine optimisation expert [http://data.europa.eu/esco/occupation/092fdeeb-a76f-4ed2-b248-90fd6eaaffef] (fuzzy,0.9200) || 5:project manager [http://data.europa.eu/esco/occupation/bea99fea-0383-4c63-b944-70d4799de2c5] (fuzzy,0.9200) || 6:advertising copywriter [http://data.europa.eu/esco/occupation/b1ab3572-fa2f-4624-8eac-3c3d986d237b] (fuzzy,0.9200) || 7:membership manager [http://data.europa.eu/esco/occupation/4ae470fc-bcf8-4704-abd5-e086ebb1552c] (fuzzy,0.9200) || 8:lean manager [http://data.europa.eu/esco/occupation/c9862fdd-53b7-4da9-b742-4302d704836c] (fuzzy,0.8740)",,http://data.europa.eu/esco/occupation/47e81c7f-2d04-4a60-a8ff-9913c36d8344,,
18645964,BANKING,partial,"REVOLVING CREDIT SUPPORT SPECIALIST Professional Background Energetic, dedicated Support Specialist with strong interpersonal skills and 8+ years of contact center and customer service experience. Proven ability to work effectively with people of various ages, cultural backgrounds, and socio-economic statuses. Financial and Customer Support background and the ability to build new and strengthen existing relationships. Great attitude, strong work ethics and customer focused outlook. Well-develope",,"1:customer service [http://data.europa.eu/esco/skill/15a33d76-4640-438d-ae64-fdc0c1d3eebc] (exact,1.0000) || 2:database [http://data.europa.eu/esco/skill/43ae58b9-5e56-4524-b45a-b422777a0576] (exact,1.0000) || 3:economics [http://data.europa.eu/esco/skill/88af9294-b697-4687-ae19-aefbb6234dfa] (alt_label,0.9500) || 4:analyse call centre activities [http://data.europa.eu/esco/skill/3bb6f78f-24f3-4799-b247-91a0c4bf5d81] (fuzzy,0.9200) || 5:Computer Assisted Language Learning [http://data.europa.eu/esco/skill/b8df1689-6763-437d-bfca-fe03d43f36c3] (fuzzy,0.9200) || 6:lead the dental team [http://data.europa.eu/esco/skill/06ec0ecb-87fc-47a4-8348-81df2470ff3d] (fuzzy,0.9200) || 7:report to the team leader [http://data.europa.eu/esco/skill/f9411f5f-0bb8-4f92-91c4-38b8b38e5179] (fuzzy,0.9200) || 8:manage truck drivers [http://data.europa.eu/esco/skill/148ee840-2b81-44e5-914c-4c19ed1649ea] (fuzzy,0.9200) || 9:manage time in casting processes [http://data.europa.eu/esco/skill/52f53839-858c-482d-a9cb-c2f40dd1c506] (fuzzy,0.9200) || 10:manage time in tourism [http://data.europa.eu/esco/skill/86ffa56b-12f5-4dcd-8afd-9251fbb6b496] (fuzzy,0.9200)",,http://data.europa.eu/esco/skill/15a33d76-4640-438d-ae64-fdc0c1d3eebc;http://data.europa.eu/esco/skill/43ae58b9-5e56-4524-b45a-b422777a0576,
18714571,HEALTHCARE,partial,"CNA IN SKILLED HEALTHCARE Professional Background I am looking to further my career using my knowledge and skills obtained in the healthcare industry over the past eleven years. I feel I could contribute to any company where I may be employed by utilizing the training, skills, and experience I have acquired. Skill Highlights ADL's Vitals I/O Caretracker Documentation Positioning Gait Belt Sliding Board Transfer Mechanical Lifts Accomplishments Trained new employees at Redstone Highlands. Geriatr",,"1:customer service [http://data.europa.eu/esco/skill/15a33d76-4640-438d-ae64-fdc0c1d3eebc] (exact,1.0000) || 2:think creatively [http://data.europa.eu/esco/skill/c624c6a3-b0ba-4a31-a296-0d433fe47e41] (fuzzy,0.9200) || 3:web programming [http://data.europa.eu/esco/skill/69bbd53f-fbb0-4476-b4b2-ef7844464e28] (fuzzy,0.9200)",,http://data.europa.eu/esco/skill/15a33d76-4640-438d-ae64-fdc0c1d3eebc;http://data.europa.eu/esco/skill/c624c6a3-b0ba-4a31-a296-0d433fe47e41,
18856440,CONSULTANT,success,"CONSULTANT Summary Hard-working, entry-level Office Assistant, looking to apply my education and experience to a job in Administration. Customer service-oriented Administrative Assistant skilled in greeting patients, scheduling appointments and preparing patient charts. Highlights Microsoft Word, Excel, PowerPoint Detail oriented Planning/coordinating Team leadership Professional demeanor Customer Service Customer Satisfaction Critical thinker Excellent research skills Accomplishments Experience","1:companion [http://data.europa.eu/esco/occupation/d5954a2b-a525-45b7-b6d9-b62efafc6c78] (alt_label,0.9500) || 2:sewing machinist [http://data.europa.eu/esco/occupation/517c01aa-e875-4690-bf38-17307a57eafe] (alt_label,0.9500) || 3:dressmaker [http://data.europa.eu/esco/occupation/5589e8e0-48d9-4193-8c85-86ba9f17e0e9] (alt_label,0.9500) || 4:tailor [http://data.europa.eu/esco/occupation/978ae3a2-0831-415a-8396-b84dde656fc5] (alt_label,0.9500) || 5:manicurist [http://data.europa.eu/esco/occupation/bced9b86-d4e7-42f8-bb47-acb2001b9bd0] (alt_label,0.9500)","1:customer service [http://data.europa.eu/esco/skill/15a33d76-4640-438d-ae64-fdc0c1d3eebc] (exact,1.0000) || 2:electronic communication [http://data.europa.eu/esco/skill/debef2fc-7af4-4bff-ac92-4d0317915a84] (alt_label,0.9500) || 3:use word processing software [http://data.europa.eu/esco/skill/81633a44-f1db-4a01-a940-804c6905e330] (fuzzy,0.9200) || 4:research passenger needs [http://data.europa.eu/esco/skill/81824871-4923-4618-85d5-dfd137568c37] (fuzzy,0.9200) || 5:satisfy customers [http://data.europa.eu/esco/skill/8330c86e-63cf-4be6-849f-4f77628cc5c5] (fuzzy,0.9200) || 6:supervise data entry [http://data.europa.eu/esco/skill/f399a9c1-be41-4117-bf86-a64b503c4cfd] (fuzzy,0.9200) || 7:maintain data entry requirements [http://data.europa.eu/esco/skill/88564d2d-2dc9-4789-864a-f9cb73f389ec] (fuzzy,0.9200) || 8:manage time in casting processes [http://data.europa.eu/esco/skill/52f53839-858c-482d-a9cb-c2f40dd1c506] (fuzzy,0.9200) || 9:manage time in tourism [http://data.europa.eu/esco/skill/86ffa56b-12f5-4dcd-8afd-9251fbb6b496] (fuzzy,0.9200) || 10:organise travel arrangements for staff [http://data.europa.eu/esco/skill/382ed835-8958-4d86-8471-cff55c6df3e7] (fuzzy,0.9200)",http://data.europa.eu/esco/occupation/d5954a2b-a525-45b7-b6d9-b62efafc6c78,http://data.europa.eu/esco/skill/15a33d76-4640-438d-ae64-fdc0c1d3eebc;http://data.europa.eu/esco/skill/debef2fc-7af4-4bff-ac92-4d0317915a84,
19464810,TEACHER,success,"TEACHER Professional Summary Highly organized and detail-oriented Administrative Professional with more than 10 years experience supplying thorough, organized administrative support to senior executives. Skills Filing and data archiving, Employee training and development, Critical thinker, Microsoft Office (Excel, Publisher, PowerPoint, Word), Multi-line phone proficiency, Advanced clerical knowledge, Invoice processing, Accounting familiarity, Appointment setting, Social media knowledge, Works ","1:administrative assistant [http://data.europa.eu/esco/occupation/044d78cc-f62f-4532-83a5-8e04f2889652] (exact,1.0000) || 2:customer service representative [http://data.europa.eu/esco/occupation/13d1b2b4-99dd-44da-9734-c9f74bae18f7] (exact,1.0000) || 3:secretary [http://data.europa.eu/esco/occupation/5ac377d2-e1d0-4911-a299-b4ef2782a0ba] (alt_label,1.0000) || 4:statistical assistant [http://data.europa.eu/esco/occupation/d2e63d7e-2605-4af1-bb7d-b1ed9ad08825] (alt_label,0.9650) || 5:client relations manager [http://data.europa.eu/esco/occupation/725090a7-9943-4dae-8079-a6999d21ddba] (alt_label,0.9500) || 6:politics lecturer [http://data.europa.eu/esco/occupation/c593ded7-2e97-44a5-a5f3-f6115ff98233] (alt_label,0.9500) || 7:bank teller [http://data.europa.eu/esco/occupation/2ff9e53c-6e7f-42af-8d71-b5dd7f283089] (alt_label,0.9500) || 8:dental chairside assistant [http://data.europa.eu/esco/occupation/bdc74965-1d1a-4f8e-a490-9cf71f494e02] (alt_label,0.9500)","1:accounting [http://data.europa.eu/esco/skill/ecc18804-a466-40d9-98b4-fba5cd67dd4b] (fuzzy,0.9200) || 2:database [http://data.europa.eu/esco/skill/43ae58b9-5e56-4524-b45a-b422777a0576] (fuzzy,0.9200) || 3:database management systems [http://data.europa.eu/esco/skill/ab1e97ed-2319-4293-a8b7-072d2648822f] (fuzzy,0.9200) || 4:use spreadsheets software [http://data.europa.eu/esco/skill/1973c966-f236-40c9-b2d4-5d71a89019be] (fuzzy,0.8996) || 5:use microsoft office [http://data.europa.eu/esco/skill/f683ae1d-cb7c-4aa1-b9fe-205e1bd23535] (fuzzy,0.8178) || 6:develop practices to conduct effective sport club management [http://data.europa.eu/esco/skill/1588302d-dfa9-4ed8-ba37-caa87f9f50bb] (fuzzy,0.8178) || 7:project configuration management [http://data.europa.eu/esco/skill/ccb2e5f2-4279-48fd-9d85-a1db42ff1e13] (fuzzy,0.8178) || 8:cope with stress [http://data.europa.eu/esco/skill/7a147904-22b3-498a-b4d9-7bceeb86b45d] (fuzzy,0.7945)",http://data.europa.eu/esco/occupation/044d78cc-f62f-4532-83a5-8e04f2889652,http://data.europa.eu/esco/skill/ecc18804-a466-40d9-98b4-fba5cd67dd4b;http://data.europa.eu/esco/skill/43ae58b9-5e56-4524-b45a-b422777a0576,
19558834,PUBLIC-RELATIONS,partial,"ASSOCIATE DIRECTOR Interests World Endeavors International Volunteer Program, Northern Thailand April-May 2006 Assisted Thai teachers and government officials in a primary school for underprivileged children with the goal of introducing new ways and means to improve the facility and educational experience. Undergraduate Writing Consultants Program Fall 2003 Recommended by professor because of high academic achievement, outstanding writing ability, and effective communication skills. Encouraged s",,"1:database [http://data.europa.eu/esco/skill/43ae58b9-5e56-4524-b45a-b422777a0576] (exact,1.0000) || 2:logistics [http://data.europa.eu/esco/skill/e843973c-23dd-416a-8a9c-9e89512542fb] (exact,1.0000) || 3:market research [http://data.europa.eu/esco/skill/8770350e-746f-4adb-9556-18ca68104be6] (exact,1.0000) || 4:public relations [http://data.europa.eu/esco/skill/5330b70e-16f5-43a7-a6de-18fd6a4bd063] (exact,1.0000) || 5:market analysis [http://data.europa.eu/esco/skill/b011c8b4-76e1-4bbc-8bb9-1d205e7b618a] (alt_label,0.9500) || 6:network marketing [http://data.europa.eu/esco/skill/4e8ad2b8-d80c-4701-91aa-cd874142ef2d] (alt_label,0.9500) || 7:advertise auction sales [http://data.europa.eu/esco/skill/cacc293c-13a0-468c-96c1-31a6d4c1c0ba] (fuzzy,0.9200) || 8:digital marketing techniques [http://data.europa.eu/esco/skill/43dfbe7f-9e10-4871-b171-e5076737b4cf] (fuzzy,0.9200) || 9:draft press releases [http://data.europa.eu/esco/skill/7800332c-a8eb-4792-8d72-50d509616154] (fuzzy,0.9200) || 10:journalism [http://data.europa.eu/esco/skill/3391d6dd-d584-4c8c-9af9-d2f0c45e2b4b] (fuzzy,0.9200)",,http://data.europa.eu/esco/skill/43ae58b9-5e56-4524-b45a-b422777a0576;http://data.europa.eu/esco/skill/e843973c-23dd-416a-8a9c-9e89512542fb,
19671909,ARTS,partial,"MIDDLE SCHOOL PRINCIPAL Executive Profile To obtain the job that continues to expand my administrative experience working with staff, students and parents to develop a shared vision and leading school community in achieving those goals. I firmly believe that all children deserve to have every opportunity to learn in a positive, supportive environment as well as have a multitude of opportunities to discover and explore areas of interest helping them to develop into a well-rounded individual who w","1:headteacher [http://data.europa.eu/esco/occupation/e1587bbb-2d4e-4726-839a-7f4895c440e7] (fuzzy,0.9200) || 2:secretary [http://data.europa.eu/esco/occupation/5ac377d2-e1d0-4911-a299-b4ef2782a0ba] (fuzzy,0.9200) || 3:deputy head teacher [http://data.europa.eu/esco/occupation/2b7d34db-11b6-4c10-b227-3917752e28ac] (fuzzy,0.9200) || 4:secondary school teacher [http://data.europa.eu/esco/occupation/5efb2c08-ba3a-4659-a2e4-1883f54e77b6] (fuzzy,0.9200) || 5:language school teacher [http://data.europa.eu/esco/occupation/9711dcfc-d9a8-4fba-9c5e-8428d8bcb53e] (fuzzy,0.9200) || 6:educational counsellor [http://data.europa.eu/esco/occupation/2412bbb1-29ca-4e17-a2b8-70694f0cb14f] (fuzzy,0.9200)",,http://data.europa.eu/esco/occupation/e1587bbb-2d4e-4726-839a-7f4895c440e7,,
20544228,ADVOCATE,success,"LEAD PHARMACY TECHNICIAN ADVOCATE - SUPERVISOR Experience Lead Pharmacy Technician Advocate - Supervisor June 2005 to Current Company Name － City , State Assist pharmacist in provision of pharmaceutical care by reviewing, collecting, and entering data used by pharmacists. Directly supervise the pharmacy technicians to keep a constant flow. Accountable for managing the day to day activities of the technician staff, scheduling technicians, and providing staff development. Under the supervision of ","1:restaurant manager [http://data.europa.eu/esco/occupation/d5eb6150-bbff-4a9c-9d0c-21eab4dbe2b6] (exact,1.0000) || 2:lawyer [http://data.europa.eu/esco/occupation/974d4eab-fbee-4c52-b16e-73bdd8c25b53] (alt_label,0.9800) || 3:justice of the peace [http://data.europa.eu/esco/occupation/f634ce9b-68a5-4a8a-af4a-ed13fc0deba9] (alt_label,0.9650) || 4:accommodation manager [http://data.europa.eu/esco/occupation/53cdd34e-22f2-41bd-b3c7-de22bf9bbcae] (alt_label,0.9500) || 5:lottery cashier [http://data.europa.eu/esco/occupation/3f32394b-f1b1-48ef-96ee-74405fb7c6b6] (fuzzy,0.9500)","1:customer service [http://data.europa.eu/esco/skill/15a33d76-4640-438d-ae64-fdc0c1d3eebc] (exact,1.0000) || 2:office equipment [http://data.europa.eu/esco/skill/5a234b3b-63b4-482f-b481-a1ff9d95bbf8] (exact,1.0000) || 3:strategic planning [http://data.europa.eu/esco/skill/949ced5f-7536-4614-ac60-563ffc91a2f2] (exact,1.0000) || 4:align efforts towards business development [http://data.europa.eu/esco/skill/ee7f90cc-922e-4da7-a7ae-83c2688fed10] (fuzzy,0.9200) || 5:develop business case [http://data.europa.eu/esco/skill/a4bbd0d9-a6be-4472-b05d-291e60cf6b4b] (fuzzy,0.9200) || 6:apply case management [http://data.europa.eu/esco/skill/2ffc7a73-7e1d-434a-b498-2b0c056ced1d] (fuzzy,0.9200) || 7:legal case management [http://data.europa.eu/esco/skill/66aad490-1c20-4e25-b189-634a218ee53e] (fuzzy,0.9200) || 8:supervise data entry [http://data.europa.eu/esco/skill/f399a9c1-be41-4117-bf86-a64b503c4cfd] (fuzzy,0.9200) || 9:maintain data entry requirements [http://data.europa.eu/esco/skill/88564d2d-2dc9-4789-864a-f9cb73f389ec] (fuzzy,0.9200) || 10:carry out inventory control accuracy [http://data.europa.eu/esco/skill/53815c73-d352-4d4d-92cb-fb7020cbd8e6] (fuzzy,0.9200)",http://data.europa.eu/esco/occupation/d5eb6150-bbff-4a9c-9d0c-21eab4dbe2b6,http://data.europa.eu/esco/skill/15a33d76-4640-438d-ae64-fdc0c1d3eebc;http://data.europa.eu/esco/skill/5a234b3b-63b4-482f-b481-a1ff9d95bbf8,
20681037,CONSTRUCTION,success,GARDEN ASSOCIATE Summary Dedicated Customer Service Representative motivated to maintain customer satisfaction and contribute to company success. Highlights Exceptional customer service Bilingual in [Spanish] Sales expertise Reliable Strong work ethic Team player Excellent communication skills Flexible Accomplishments Best Cashier in District award 3 Homer awards received for good customer skills/going above and beyond on basic job expectations. Experience 02/2010 to 09/2013 Garden Associate Com,"1:cashier [http://data.europa.eu/esco/occupation/2b871272-bd61-4206-bd1a-0b96d7023098] (exact,1.0000) || 2:civil engineering worker [http://data.europa.eu/esco/occupation/47300afa-5496-484c-8f65-14247a98b2b8] (alt_label,0.9500) || 3:road marker [http://data.europa.eu/esco/occupation/79082f76-4b11-4594-8437-2db567331f41] (alt_label,0.9500) || 4:building construction worker [http://data.europa.eu/esco/occupation/fb7e2f4f-1545-42f1-972e-94082e49c6dc] (alt_label,0.9500)","1:use word processing software [http://data.europa.eu/esco/skill/81633a44-f1db-4a01-a940-804c6905e330] (fuzzy,0.9200)",http://data.europa.eu/esco/occupation/2b871272-bd61-4206-bd1a-0b96d7023098,http://data.europa.eu/esco/skill/81633a44-f1db-4a01-a940-804c6905e330,
21156767,CONSULTANT,failed,"Pavithra Shetty Summary Customer-oriented Principal Consultant knowledgeable about developing and implementing successful business solutions that drive productivity and growth. Offering expertise in SQL, Data Visualization, Scripting language and more than 6 years of experience in the software industry. Experience Principal Consultant Company Name | City , State | June 2018 - Current Design, Develop, Test and Document Business Intelligence reports: Gather Business needs to develop interactive da",,,,,
22452756,AUTOMOBILE,success,"SERVICES ENGINEER Summary Seeking a challenging and exciting job in a growth oriented industry were my potential for hard work and skills will be fully utilized Experience Services Engineer January 2007 to January 2010 Company Name Electrical items, for LEGRAND, HAVELLS, INDO ASIAN, From 2010 to march 2013 Job Function - Working as the Head General Goods COSCHARIS Group, 1-7 COSCHARIS Street. P.O. Box 71268, Lagos (Nigeria) Ph: +234-8123177630 COSCHARIS Group is the He started as a Technical for","1:heating, ventilation, air conditioning engineer [http://data.europa.eu/esco/occupation/1f97f6e6-0ac7-4e77-88ab-2e3801c5a223] (alt_label,0.9500) || 2:customer service representative [http://data.europa.eu/esco/occupation/13d1b2b4-99dd-44da-9734-c9f74bae18f7] (alt_label,0.9500) || 3:service manager [http://data.europa.eu/esco/occupation/bcc2c1db-f969-4355-bebf-4878ff6c2a94] (fuzzy,0.9200)","1:consultation [http://data.europa.eu/esco/skill/4b3c8605-819d-4b38-83fc-f23663e78dc9] (exact,1.0000) || 2:English [http://data.europa.eu/esco/skill/6d3edede-8951-4621-a835-e04323300fa0] (exact,1.0000) || 3:Hindi [http://data.europa.eu/esco/skill/d93a7370-bf56-43f5-be54-e108f8ec3107] (exact,1.0000) || 4:supervise data entry [http://data.europa.eu/esco/skill/f399a9c1-be41-4117-bf86-a64b503c4cfd] (fuzzy,0.9200) || 5:maintain data entry requirements [http://data.europa.eu/esco/skill/88564d2d-2dc9-4789-864a-f9cb73f389ec] (fuzzy,0.9200)",http://data.europa.eu/esco/occupation/1f97f6e6-0ac7-4e77-88ab-2e3801c5a223,http://data.europa.eu/esco/skill/4b3c8605-819d-4b38-83fc-f23663e78dc9;http://data.europa.eu/esco/skill/6d3edede-8951-4621-a835-e04323300fa0,
22650051,AVIATION,success,CUSTOMER SERVICE REP Career Focus To find a long term career that is enjoyable and a great place to work. Being able to support a family is a big plus as well! Core Qualifications Operations management Natural leader Proficiency in management and Weapons training aircraft safety Proficient communicator Quick learner Motivated Computer proficient Background checks Microsoft Office Strong analytical skills File/records maintenance Excellent problem solving skills Reports generation and analysis Ch,"1:warfare specialist [http://data.europa.eu/esco/occupation/86c892cf-09a3-44c8-b9d1-814d93dbcbb4] (fuzzy,0.9200)","1:first aid [http://data.europa.eu/esco/skill/f7464f30-662b-4177-85a0-3df9693e9e58] (exact,1.0000) || 2:logistics [http://data.europa.eu/esco/skill/e843973c-23dd-416a-8a9c-9e89512542fb] (exact,1.0000) || 3:operations management [http://data.europa.eu/esco/skill/2d140a3a-45a6-4248-80dd-b3760ebc9cc6] (exact,1.0000) || 4:first response [http://data.europa.eu/esco/skill/eaa4cdc0-43e0-4388-9b8a-e2779218d10e] (alt_label,0.9500) || 5:apply change management [http://data.europa.eu/esco/skill/3c03ee71-4a23-448f-b79e-81fd75d27dca] (alt_label,0.9500) || 6:radars [http://data.europa.eu/esco/skill/286d0e0d-48e9-4210-b110-b1fbf04c35f1] (alt_label,0.9500) || 7:use microsoft office [http://data.europa.eu/esco/skill/f683ae1d-cb7c-4aa1-b9fe-205e1bd23535] (fuzzy,0.9200) || 8:Microsoft Access [http://data.europa.eu/esco/skill/3d03c40c-1b83-4793-8902-2523f40af59e] (fuzzy,0.9200) || 9:solve problems [http://data.europa.eu/esco/skill/adc6dc11-3376-467b-96c5-9b0a21edc869] (fuzzy,0.9200) || 10:automotive diagnostic equipment [http://data.europa.eu/esco/skill/187f82c7-b165-4e6b-b327-704e38e85cdd] (fuzzy,0.9200)",http://data.europa.eu/esco/occupation/86c892cf-09a3-44c8-b9d1-814d93dbcbb4,http://data.europa.eu/esco/skill/f7464f30-662b-4177-85a0-3df9693e9e58;http://data.europa.eu/esco/skill/e843973c-23dd-416a-8a9c-9e89512542fb,
23985183,AVIATION,success,"OPERATION MANAGER www.linkedin.com/in/raymondstrange Special Hiring Auth: Veterans Pref (VEOA) Skills Secret Security Clearance Project management Budget analysis Training / Development Schedule management Critical thinking Team building Written and oral communication skills Process improvement Microsoft Office Suite expert Summary Accomplished Operation Management professional with 20+ years' with a broad scope of experience driving process improvements, financial administrative, and staff prod","1:business manager [http://data.europa.eu/esco/occupation/544cd9cf-e2ee-4ac0-8a02-7147af6b97d7] (alt_label,0.9800) || 2:lottery manager [http://data.europa.eu/esco/occupation/49ca9fe4-4513-4657-b27f-eaad11e6158a] (alt_label,0.9650) || 3:gambling manager [http://data.europa.eu/esco/occupation/146f2c99-3f8b-4856-95ba-3ecfea681809] (alt_label,0.9500) || 4:healthcare institution manager [http://data.europa.eu/esco/occupation/4a29eab1-5f02-4723-a863-e2d5a0614dfa] (alt_label,0.9500) || 5:public health policy officer [http://data.europa.eu/esco/occupation/d4d6842b-27f0-4222-85db-c542acf6d434] (alt_label,0.9500) || 6:metal production manager [http://data.europa.eu/esco/occupation/0368c4d4-94cf-4168-a84d-283a25880e0d] (fuzzy,0.8937) || 7:mine manager [http://data.europa.eu/esco/occupation/107d21c6-973b-411c-89fd-69da48d29ada] (fuzzy,0.8937) || 8:logistics and distribution manager [http://data.europa.eu/esco/occupation/823db06f-25e1-4658-b063-d6ef956b41f5] (fuzzy,0.8921)","1:project management [http://data.europa.eu/esco/skill/7111b95d-0ce3-441a-9d92-4c75d05c4388] (exact,1.0000) || 2:project commissioning [http://data.europa.eu/esco/skill/4ca91852-c534-4b98-ab1c-59a126534c88] (alt_label,0.9500) || 3:financial management [http://data.europa.eu/esco/skill/52e53619-fa77-4f72-b237-5e4aae784dc2] (fuzzy,0.8433)",http://data.europa.eu/esco/occupation/544cd9cf-e2ee-4ac0-8a02-7147af6b97d7,http://data.europa.eu/esco/skill/7111b95d-0ce3-441a-9d92-4c75d05c4388;http://data.europa.eu/esco/skill/4ca91852-c534-4b98-ab1c-59a126534c88,
24647794,ENGINEERING,success,"ENGINEERING INTERN Profile Proficient Entry Level Electrical Engineer with excellent technical, analytical and communication skills. Willing to relocate anywhere in the US. Skills Testing | Troubleshooting | Embedded Hardware & Software |Microprocessors | Computer|systems | Hardware & Software design | Digital signal processing | Analog and Digital Filter design| Reading Circuit Schematics| Circuit Design and Analysis | Digital logic | Soldering | Project management|Electronics | Low and High vo","1:industrial machinery mechanic [http://data.europa.eu/esco/occupation/269c47e7-9017-4aa6-bce8-49e89a696a64] (fuzzy,0.8478)","1:microprocessors [http://data.europa.eu/esco/skill/8a211052-4bec-49c2-9b4e-7914c37d21b4] (exact,1.0000) || 2:project management [http://data.europa.eu/esco/skill/7111b95d-0ce3-441a-9d92-4c75d05c4388] (exact,1.0000) || 3:electronics [http://data.europa.eu/esco/skill/95c35c3a-035f-47c2-90cf-7e934d20fc08] (exact,1.0000) || 4:MATLAB [http://data.europa.eu/esco/skill/c3a03c5a-c260-4c26-9b9a-873abb396f4d] (exact,1.0000) || 5:robotic components [http://data.europa.eu/esco/skill/7a950986-27fe-4b6c-adf3-88f211e77019] (alt_label,0.9500) || 6:project commissioning [http://data.europa.eu/esco/skill/4ca91852-c534-4b98-ab1c-59a126534c88] (alt_label,0.9500) || 7:computer vision [http://data.europa.eu/esco/skill/7b0d5000-00da-4864-b776-6de49a87a669] (alt_label,0.9500) || 8:troubleshoot [http://data.europa.eu/esco/skill/334e3e49-fb02-4051-809a-f06adfdc1c40] (alt_label,0.9500) || 9:signal processing [http://data.europa.eu/esco/skill/cfa2be0d-96d5-4017-a866-962efb9c5070] (alt_label,0.9500) || 10:soldering techniques [http://data.europa.eu/esco/skill/0bb4b474-da3a-45ce-9de3-0c964d84e73f] (alt_label,0.9500)",http://data.europa.eu/esco/occupation/269c47e7-9017-4aa6-bce8-49e89a696a64,http://data.europa.eu/esco/skill/8a211052-4bec-49c2-9b4e-7914c37d21b4;http://data.europa.eu/esco/skill/7111b95d-0ce3-441a-9d92-4c75d05c4388,
25101183,FINANCE,success,"DIRECTOR OF FINANCE Accomplishments SENIOR FINANCIAL ANALYST / IT PROJECT / PROGRAM CONSULTANT Business Case Management | Sarbanes-Oxley | Process Improvement Directed IT financial planning and analysis for a $120-million departmentâ€”developed business cases, mitigated risks, and managed forecasting, operations, and budgets. Led all IT audits for Sarbanes-Oxley documentation and testing, as well process improvement initiatives. Improved Project Management processes through the implementation of","1:accountant [http://data.europa.eu/esco/occupation/eda0d957-3c3c-4139-b89a-a18bc9e18897] (exact,1.0000) || 2:financial controller [http://data.europa.eu/esco/occupation/5e5b1b61-1351-4d3b-a293-deb3661715dd] (alt_label,0.9500) || 3:video and motion picture director [http://data.europa.eu/esco/occupation/1a7fb683-6544-4442-b54c-ec72ef468ff0] (fuzzy,0.9200) || 4:sport facility manager [http://data.europa.eu/esco/occupation/825ab049-2f0c-4acf-b402-9c6bb51acca2] (fuzzy,0.9200)","1:business analysis [http://data.europa.eu/esco/skill/633a3637-2c6b-40ae-ac38-289eb2a62aa6] (exact,1.0000) || 2:financial analysis [http://data.europa.eu/esco/skill/99571e68-801f-49af-a897-5f75996642e1] (exact,1.0000) || 3:program management [http://data.europa.eu/esco/skill/06d09f70-6ca8-4078-be72-4c2c2a11ee61] (exact,1.0000) || 4:project management [http://data.europa.eu/esco/skill/7111b95d-0ce3-441a-9d92-4c75d05c4388] (exact,1.0000) || 5:business processes [http://data.europa.eu/esco/skill/9e84a506-df06-4be3-874a-fa01293e3dd5] (alt_label,0.9500) || 6:project commissioning [http://data.europa.eu/esco/skill/4ca91852-c534-4b98-ab1c-59a126534c88] (alt_label,0.9500) || 7:manage contracts [http://data.europa.eu/esco/skill/92721092-fe7c-4689-96bd-4f02385bc0e7] (alt_label,0.9500) || 8:analyse information systems [http://data.europa.eu/esco/skill/ed5bbc64-7017-4e2e-b44e-65df88013a84] (fuzzy,0.9200) || 9:operate mailing information systems [http://data.europa.eu/esco/skill/a3bd38a7-06e4-4e9c-8bbc-75aa36871801] (fuzzy,0.9200) || 10:evaluate project plans [http://data.europa.eu/esco/skill/2db2d9a8-298d-4d1a-a194-d3282e70d6cb] (fuzzy,0.9200)",http://data.europa.eu/esco/occupation/eda0d957-3c3c-4139-b89a-a18bc9e18897,http://data.europa.eu/esco/skill/633a3637-2c6b-40ae-ac38-289eb2a62aa6;http://data.europa.eu/esco/skill/99571e68-801f-49af-a897-5f75996642e1,
25846894,ACCOUNTANT,success,"ACCOUNTANT Skills Timberline, MRI, YARDI, Peachtree, Peoplesoft, OneSite, QuickBooks Microsoft Word and Excel Experience 07/2014 to Current ACCOUNTANT Company Name － City , State I am an experienced and goal-oriented Accountant with a demonstrated track record in preparation and analysis of financial reports to summarize and forecast financial position. Independent contributor committed to superior quality, teamwork and proficient internal and external customer service. An Accountant experienced","1:accountant [http://data.europa.eu/esco/occupation/eda0d957-3c3c-4139-b89a-a18bc9e18897] (exact,1.0000) || 2:accounting manager [http://data.europa.eu/esco/occupation/04f39bfa-bc03-4480-98bc-b18ce4fe4b4b] (exact,1.0000) || 3:financial controller [http://data.europa.eu/esco/occupation/5e5b1b61-1351-4d3b-a293-deb3661715dd] (alt_label,0.9500) || 4:secretary [http://data.europa.eu/esco/occupation/5ac377d2-e1d0-4911-a299-b4ef2782a0ba] (fuzzy,0.9200) || 5:passenger fare controller [http://data.europa.eu/esco/occupation/7720f392-6ea0-4455-a805-7b7eef38a709] (fuzzy,0.9200)","1:accounting [http://data.europa.eu/esco/skill/ecc18804-a466-40d9-98b4-fba5cd67dd4b] (exact,1.0000) || 2:customer service [http://data.europa.eu/esco/skill/15a33d76-4640-438d-ae64-fdc0c1d3eebc] (exact,1.0000) || 3:database management systems [http://data.europa.eu/esco/skill/ab1e97ed-2319-4293-a8b7-072d2648822f] (alt_label,0.9500) || 4:augmented reality [http://data.europa.eu/esco/skill/abdc7ac8-151f-40c6-bc1a-1e9b4b073290] (alt_label,0.9500) || 5:use accounting systems [http://data.europa.eu/esco/skill/a0d79341-8398-4019-ad1b-27888ec35aaa] (fuzzy,0.9200) || 6:perform balance sheet operations [http://data.europa.eu/esco/skill/585ed991-fdab-4f3c-9187-a32bfb7ab822] (fuzzy,0.9200) || 7:analyse business plans [http://data.europa.eu/esco/skill/5da3c765-10a3-49eb-934c-ec401ceb1a34] (fuzzy,0.9200) || 8:develop aquaculture hatchery business plan [http://data.europa.eu/esco/skill/0c8f5f32-a286-4f88-b9e9-d7e7f3a3684b] (fuzzy,0.9200) || 9:handle cash flow [http://data.europa.eu/esco/skill/e4b6f863-fa9f-4fe7-a984-f948f8c90d24] (fuzzy,0.9200) || 10:manage cash transportation [http://data.europa.eu/esco/skill/fecc4fba-8f4b-4fde-846e-045d9889aa76] (fuzzy,0.9200)",http://data.europa.eu/esco/occupation/eda0d957-3c3c-4139-b89a-a18bc9e18897,http://data.europa.eu/esco/skill/ecc18804-a466-40d9-98b4-fba5cd67dd4b;http://data.europa.eu/esco/skill/15a33d76-4640-438d-ae64-fdc0c1d3eebc,
26503829,DESIGNER,success,"SENIOR TECHNICAL DESIGNER Summary Product Developer/Technical Designer with strengths in apparel, handbags and jewelry. I have an extensive knowledge of materials, manufacturing and quality assurance. Dynamic product engineer highly skilled in creative problem solving with exceptional collaborative and interpersonal skills, who illustrates sophisticated expertise in a variety of innovative approaches, to design, prototype and test creative products, services and experiences. I thrive working wit","1:art director [http://data.europa.eu/esco/occupation/cb93fd23-1f51-4495-867a-936c1967066b] (alt_label,0.9500) || 2:footwear designer [http://data.europa.eu/esco/occupation/06f89f2c-c6e9-40c5-a4a5-0e34d5fbc184] (fuzzy,0.8716)","1:Adobe Illustrator [http://data.europa.eu/esco/skill/27b913f0-3c52-448b-ad27-fc6ef08fb326] (exact,1.0000) || 2:use word processing software [http://data.europa.eu/esco/skill/81633a44-f1db-4a01-a940-804c6905e330] (fuzzy,0.9200) || 3:develop new confectionery products [http://data.europa.eu/esco/skill/f8ffa9a2-ee74-4e86-a7e3-8a90999c606c] (fuzzy,0.9200) || 4:participate in the development of new food products [http://data.europa.eu/esco/skill/76437256-e318-4b8b-af67-32bdae072b17] (fuzzy,0.9200) || 5:develop new bakery products [http://data.europa.eu/esco/skill/4170dc71-def4-41be-9001-43fcb3ea1c29] (fuzzy,0.9200) || 6:ensure quality assurance standards for vehicles [http://data.europa.eu/esco/skill/bcc663c1-176b-4137-991b-1f706299aea2] (fuzzy,0.9200) || 7:call quality assurance management [http://data.europa.eu/esco/skill/b535516b-9f8a-4c29-b6aa-a0a4561e1086] (fuzzy,0.9200) || 8:insourcing strategy [http://data.europa.eu/esco/skill/eff1bb34-b454-4482-8c29-65f820619f3c] (fuzzy,0.8689) || 9:outsourcing strategy [http://data.europa.eu/esco/skill/6f8baa62-bc2b-4cc1-942b-f540c837cfa2] (fuzzy,0.8454)",http://data.europa.eu/esco/occupation/cb93fd23-1f51-4495-867a-936c1967066b,http://data.europa.eu/esco/skill/27b913f0-3c52-448b-ad27-fc6ef08fb326;http://data.europa.eu/esco/skill/81633a44-f1db-4a01-a940-804c6905e330,
26835781,AGRICULTURE,success,"BEHAVIORAL INTERVENTIONIST Summary Personable education professional driven to inspire students to achieve personal and academic success. Highlights Experience Company Name City , State Behavioral Interventionist 01/2010 to Current Demonstrate knowledge of growth & development as it relates to pediatric and adolescent populations. Establish a positive rapport with clients to help resolve social, personal, and academic issues. Utilize therapeutic listening skills in all client contacts to assist ","1:assistant lecturer [http://data.europa.eu/esco/occupation/c262bb96-03bb-4c97-a45b-0cf36db5b048] (fuzzy,0.9200) || 2:higher education lecturer [http://data.europa.eu/esco/occupation/684fd8d5-9b40-4b02-a680-438f0082d923] (fuzzy,0.9200)","1:use microsoft office [http://data.europa.eu/esco/skill/f683ae1d-cb7c-4aa1-b9fe-205e1bd23535] (fuzzy,0.9200)",http://data.europa.eu/esco/occupation/c262bb96-03bb-4c97-a45b-0cf36db5b048,http://data.europa.eu/esco/skill/f683ae1d-cb7c-4aa1-b9fe-205e1bd23535,
26994282,SALES,success,SALES Professional Summary Talented Construction Manager with more than twenty years of success on various projects as an Independent Contractor. Solid experience managing all levels of small to large scale projects. Extensive experience in the preparation of complete cost estimation. Accomplished in completing project on time at or under budget. Strong leadership and relationship building skills by providing clear direction and explanation of plans and contract terms. Meticulous work. Proficien,"1:plumber [http://data.europa.eu/esco/occupation/ed3cf43d-c2c1-4c46-82fc-1375e27e0290] (exact,1.0000) || 2:pipe welder [http://data.europa.eu/esco/occupation/2ff73126-7aff-4233-9d9c-d8725e1c6822] (alt_label,0.9500) || 3:sales account manager [http://data.europa.eu/esco/occupation/2eac08c2-a81a-46fc-8d75-eb0e0f3e0f6d] (fuzzy,0.9500) || 4:bank manager [http://data.europa.eu/esco/occupation/754ce08f-b4d9-4b9c-b9d2-06f15258a3ce] (fuzzy,0.9200) || 5:business analyst [http://data.europa.eu/esco/occupation/60082a99-d8ef-4e84-9290-78902681b6ed] (fuzzy,0.9200) || 6:telecommunications engineer [http://data.europa.eu/esco/occupation/02eb0ae6-ecdd-4602-9c8e-60ffe6dbe1e2] (fuzzy,0.9200) || 7:construction engineer [http://data.europa.eu/esco/occupation/2a914d26-42aa-46b5-acf3-097d51ba4617] (fuzzy,0.9200)","1:blueprints [http://data.europa.eu/esco/skill/d1072655-88ce-4445-8803-e6273da273e7] (exact,1.0000) || 2:troubleshoot [http://data.europa.eu/esco/skill/334e3e49-fb02-4051-809a-f06adfdc1c40] (alt_label,0.9500) || 3:read standard blueprints [http://data.europa.eu/esco/skill/68b6ef08-d823-489d-a95c-752ae6f6e6a7] (fuzzy,0.9200) || 4:communication [http://data.europa.eu/esco/skill/15d76317-c71a-4fa2-aadc-2ecc34e627b7] (fuzzy,0.9200) || 5:customer service [http://data.europa.eu/esco/skill/15a33d76-4640-438d-ae64-fdc0c1d3eebc] (fuzzy,0.9200) || 6:improve chemical processes [http://data.europa.eu/esco/skill/451c8010-7dbb-4f96-b4d4-0955766d9eff] (fuzzy,0.9200) || 7:monitor airspace planning [http://data.europa.eu/esco/skill/bee49a2e-a6e2-48ea-8a65-defca72505dd] (fuzzy,0.9200) || 8:oversee quality control [http://data.europa.eu/esco/skill/5d34adde-0b78-42b4-9d3d-69e9388d8398] (fuzzy,0.9200) || 9:oversee stock quality control [http://data.europa.eu/esco/skill/7a6f50a7-d876-461a-8336-f85a01af4c5f] (fuzzy,0.9200) || 10:consumer law [http://data.europa.eu/esco/skill/947e6a15-5539-43e2-b62f-6a52fd57e0a0] (fuzzy,0.8454)",http://data.europa.eu/esco/occupation/ed3cf43d-c2c1-4c46-82fc-1375e27e0290,http://data.europa.eu/esco/skill/d1072655-88ce-4445-8803-e6273da273e7;http://data.europa.eu/esco/skill/334e3e49-fb02-4051-809a-f06adfdc1c40,
27770859,INFORMATION-TECHNOLOGY,success,"INFORMATION TECHNOLOGY ADMINISTRATOR Professional Profile I am a jack of all trades IT guy at one of the premier intellectual property law schools in the world, whose job description and responsibilities continue to evolve with the ever-changing opportunities that new technology provides. Extremely self-motivated, detail oriented, and organized, I thrive most when presented with opportunities to creatively solve new and interesting challenges. Qualifications Systems administration Strong verbal ","1:cyber incident responder [http://data.europa.eu/esco/occupation/0ce5a9f4-e00a-4bbe-b255-3c63407167a4] (fuzzy,0.9650) || 2:ICT teacher secondary school [http://data.europa.eu/esco/occupation/0d595b87-a1fc-410c-abbe-88b92cb0d334] (fuzzy,0.9200) || 3:video and motion picture director [http://data.europa.eu/esco/occupation/1a7fb683-6544-4442-b54c-ec72ef468ff0] (fuzzy,0.9200) || 4:sport facility manager [http://data.europa.eu/esco/occupation/825ab049-2f0c-4acf-b402-9c6bb51acca2] (fuzzy,0.9200) || 5:computer hardware repair technician [http://data.europa.eu/esco/occupation/b7aa4b4e-dbb6-4f58-b36c-35b9a7267972] (fuzzy,0.9200) || 6:consumer electronics repair technician [http://data.europa.eu/esco/occupation/f8ab2e08-d14e-4938-a2cd-c04821556db7] (fuzzy,0.9200) || 7:cook [http://data.europa.eu/esco/occupation/90f75f67-495d-49fa-ab57-2f320e251d7e] (fuzzy,0.9200)","1:MySQL [http://data.europa.eu/esco/skill/4da171e5-779c-4983-a76f-91c16751e99f] (exact,1.0000) || 2:PHP [http://data.europa.eu/esco/skill/4350c38d-0fe9-4ca7-bab9-40ed7f72b04f] (exact,1.0000) || 3:LDAP [http://data.europa.eu/esco/skill/a57a54b6-2f2e-43e4-9621-b52f4a63cb08] (exact,1.0000) || 4:Android (mobile operating systems) [http://data.europa.eu/esco/skill/d8829a1d-dbde-435b-b921-29d6462f35c9] (alt_label,0.9500) || 5:ICT encryption [http://data.europa.eu/esco/skill/d32db06e-bd06-4415-a7ab-1b0ee68caa9a] (alt_label,0.9500) || 6:domain name service [http://data.europa.eu/esco/skill/071233c4-ad2b-4f50-b79f-768d2231163e] (alt_label,0.9500) || 7:distributed directory information services [http://data.europa.eu/esco/skill/d1e954cd-d290-4d80-97c0-7969960d2928] (fuzzy,0.9200) || 8:iOS [http://data.europa.eu/esco/skill/ce26e71f-2d47-474e-89b6-7920931ac4fc] (fuzzy,0.9200) || 9:operating systems [http://data.europa.eu/esco/skill/f9a6f35b-01a7-40c9-8b61-b6ee46f97272] (fuzzy,0.9200) || 10:Drupal [http://data.europa.eu/esco/skill/1de3942b-99d8-41e8-9ef0-fbc9e9f6307b] (fuzzy,0.9200)",http://data.europa.eu/esco/occupation/0ce5a9f4-e00a-4bbe-b255-3c63407167a4,http://data.europa.eu/esco/skill/4da171e5-779c-4983-a76f-91c16751e99f;http://data.europa.eu/esco/skill/4350c38d-0fe9-4ca7-bab9-40ed7f72b04f,
28419173,HR,success,"HR ASSISTANT Professional Profile Skilled Program Coordinator bringing extensive background in technology and business process. Organized, resourceful and detail-oriented with exceptional planning and decision-making abilities. Qualifications Human resources understanding Scheduling proficiency Market research proficiency Report generation Critical thinking Eye for detail Self-directed nature Analytical problem solving Contracts Social media and networks Microsoft Office Suite PowerPoint Excepti","1:secretary [http://data.europa.eu/esco/occupation/5ac377d2-e1d0-4911-a299-b4ef2782a0ba] (fuzzy,0.9650) || 2:human resources assistant [http://data.europa.eu/esco/occupation/d8ed1703-9c03-4ea0-83cc-b6169bc54ffd] (fuzzy,0.9200) || 3:human resources officer [http://data.europa.eu/esco/occupation/d3e32e5e-7f24-48e3-b939-e4f800eb62fb] (fuzzy,0.9200) || 4:talent acquisition manager [http://data.europa.eu/esco/occupation/a6e8a6bf-9209-4d19-a131-a8b6431e0f75] (fuzzy,0.9200) || 5:office manager [http://data.europa.eu/esco/occupation/6e6839b6-099c-4802-906e-7f2c8203ee69] (fuzzy,0.9200)","1:customer service [http://data.europa.eu/esco/skill/15a33d76-4640-438d-ae64-fdc0c1d3eebc] (alt_label,0.9500) || 2:implement anti-virus software [http://data.europa.eu/esco/skill/bb2b4485-2bad-402f-8517-44bf7d9afff4] (fuzzy,0.9200) || 3:protect ICT devices [http://data.europa.eu/esco/skill/df329d70-87b0-466b-a214-3431f36e2a5e] (fuzzy,0.9200) || 4:communication [http://data.europa.eu/esco/skill/15d76317-c71a-4fa2-aadc-2ecc34e627b7] (fuzzy,0.9200) || 5:ICT help platforms [http://data.europa.eu/esco/skill/778ca7ad-6c5d-4868-9b96-a7777dca799c] (fuzzy,0.9200) || 6:database [http://data.europa.eu/esco/skill/43ae58b9-5e56-4524-b45a-b422777a0576] (fuzzy,0.9200) || 7:use word processing software [http://data.europa.eu/esco/skill/81633a44-f1db-4a01-a940-804c6905e330] (fuzzy,0.9200) || 8:solve problems [http://data.europa.eu/esco/skill/adc6dc11-3376-467b-96c5-9b0a21edc869] (fuzzy,0.9200) || 9:apply problem solving in social service [http://data.europa.eu/esco/skill/30d49832-84bd-4d97-9441-aef97a76a8d0] (fuzzy,0.9200) || 10:organise travel arrangements for staff [http://data.europa.eu/esco/skill/382ed835-8958-4d86-8471-cff55c6df3e7] (fuzzy,0.9200)",http://data.europa.eu/esco/occupation/5ac377d2-e1d0-4911-a299-b4ef2782a0ba,http://data.europa.eu/esco/skill/15a33d76-4640-438d-ae64-fdc0c1d3eebc;http://data.europa.eu/esco/skill/bb2b4485-2bad-402f-8517-44bf7d9afff4,
28969385,ACCOUNTANT,success,"VOLUNTEER ACCOUNTANT Summary CPA candidate with 15+ years of strong financial accounting and audit experience and knowledge of Internal Control, Enterprise Risk Management and GL, PL, BS reconciliations, work papers, cost, cash control, AP and AR on different accounting software's. Participated in the coordination of financial planning and budget management functions Monitored and analyzed monthly operating results against budget Managed preparation of the official annual report of actual revenu","1:accountant [http://data.europa.eu/esco/occupation/eda0d957-3c3c-4139-b89a-a18bc9e18897] (exact,1.0000) || 2:financial controller [http://data.europa.eu/esco/occupation/5e5b1b61-1351-4d3b-a293-deb3661715dd] (alt_label,0.9500)","1:accounting [http://data.europa.eu/esco/skill/ecc18804-a466-40d9-98b4-fba5cd67dd4b] (fuzzy,0.9200) || 2:database management systems [http://data.europa.eu/esco/skill/ab1e97ed-2319-4293-a8b7-072d2648822f] (fuzzy,0.9200) || 3:R [http://data.europa.eu/esco/skill/51586df8-1c46-4b47-8583-773cb63bf00b] (fuzzy,0.8178) || 4:use microsoft office [http://data.europa.eu/esco/skill/f683ae1d-cb7c-4aa1-b9fe-205e1bd23535] (fuzzy,0.8178) || 5:use word processing software [http://data.europa.eu/esco/skill/81633a44-f1db-4a01-a940-804c6905e330] (fuzzy,0.7957)",http://data.europa.eu/esco/occupation/eda0d957-3c3c-4139-b89a-a18bc9e18897,http://data.europa.eu/esco/skill/ecc18804-a466-40d9-98b4-fba5cd67dd4b;http://data.europa.eu/esco/skill/ab1e97ed-2319-4293-a8b7-072d2648822f,
29002596,DIGITAL-MEDIA,partial,"DIRECTOR, GLOBAL DIGITAL MARKETING Executive Profile Results oriented leader with extensive B-B marketing and technical experience leading global cross-functional teams delivering innovation, and profitable measurable results while fostering a collaborative team focused culture. Passionate in championing creation of digital and content marketing strategies and practices. Proven record of success in influencing and driving change while delivering business results in unexpected and cutting edge wa","1:ICT network technician [http://data.europa.eu/esco/occupation/64c7d461-152c-477f-a8e2-c2c537e9d617] (alt_label,0.9500) || 2:marketing manager [http://data.europa.eu/esco/occupation/6fcf4638-e7c7-4978-9302-9a7b63a3d57c] (fuzzy,0.9200) || 3:accounting manager [http://data.europa.eu/esco/occupation/04f39bfa-bc03-4480-98bc-b18ce4fe4b4b] (fuzzy,0.9200) || 4:financial manager [http://data.europa.eu/esco/occupation/30f3ea93-882a-4525-841c-1d5b4b64076f] (fuzzy,0.9200) || 5:department store manager [http://data.europa.eu/esco/occupation/7dec82e0-3bfc-4c48-812d-c2095bfe05bb] (fuzzy,0.9200) || 6:sales account manager [http://data.europa.eu/esco/occupation/2eac08c2-a81a-46fc-8d75-eb0e0f3e0f6d] (fuzzy,0.9200) || 7:product manager [http://data.europa.eu/esco/occupation/9f508305-80ce-4111-8722-f2c9b4a44890] (fuzzy,0.9200) || 8:product assembly inspector [http://data.europa.eu/esco/occupation/753939ad-b03e-47cd-913b-56f30b5ae8fc] (fuzzy,0.9200) || 9:advertising manager [http://data.europa.eu/esco/occupation/4ebf2dae-c326-4627-befe-fbc91410f432] (fuzzy,0.8912) || 10:public relations manager [http://data.europa.eu/esco/occupation/6cc19251-763b-4de1-b4f7-526c9ff732d2] (fuzzy,0.8533)",,http://data.europa.eu/esco/occupation/64c7d461-152c-477f-a8e2-c2c537e9d617,,
35172961,ENGINEERING,success,"PROCESS ENGINEERING INTERN Profile PhD cleanroom expert looking for an opportunity to work as a full- time module/process engineer in Lam Research Experience working in both a research cleanroom facility and a semiconductor fab. Hands on experience with fabrication methods such as plasma etching, photolithography, wet etch processing, and PVD Well understanding of Statistical Process Control (SPC) and Design of Experiments (DOE) Professional Experience Process Engineering Intern June 2014 to Aug","1:agricultural technician [http://data.europa.eu/esco/occupation/1f8314c2-01bd-4af4-babc-04d7034591b8] (fuzzy,0.9200) || 2:secretary [http://data.europa.eu/esco/occupation/5ac377d2-e1d0-4911-a299-b4ef2782a0ba] (fuzzy,0.9200) || 3:research and development manager [http://data.europa.eu/esco/occupation/73ceb2f9-18e3-4cfe-9c06-e9fb31ece440] (fuzzy,0.9200) || 4:legislative drafter [http://data.europa.eu/esco/occupation/7b89d3e0-c6fb-4c95-bf0d-3b4acf05f9d6] (fuzzy,0.9200)","1:fibre optics [http://data.europa.eu/esco/skill/fdfa3dcb-b8f0-454f-a659-64c66dc6b6a2] (alt_label,0.9500)",http://data.europa.eu/esco/occupation/1f8314c2-01bd-4af4-babc-04d7034591b8,http://data.europa.eu/esco/skill/fdfa3dcb-b8f0-454f-a659-64c66dc6b6a2,
36094883,APPAREL,success,"ADJUNCT INSTRUCTOR, VOLUNTEER CAREER ADVISER Professional Summary Administrative professional with extensive experience in academia, sales, customer service in a number of venues. Highly competent in persuasive customer communication as particularly evidenced in the six years of serving as an on-line sales consultant and business owner. Desires a position in customer service where compelling communication plays a strong role. Core Qualifications Results-oriented Excel in all areas of customer se","1:secretary [http://data.europa.eu/esco/occupation/5ac377d2-e1d0-4911-a299-b4ef2782a0ba] (fuzzy,0.9200) || 2:receptionist [http://data.europa.eu/esco/occupation/f7b04542-d8c7-42db-8475-e63b507cce82] (fuzzy,0.9200) || 3:video and motion picture director [http://data.europa.eu/esco/occupation/1a7fb683-6544-4442-b54c-ec72ef468ff0] (fuzzy,0.9200) || 4:sport facility manager [http://data.europa.eu/esco/occupation/825ab049-2f0c-4acf-b402-9c6bb51acca2] (fuzzy,0.9200) || 5:assistant lecturer [http://data.europa.eu/esco/occupation/c262bb96-03bb-4c97-a45b-0cf36db5b048] (fuzzy,0.9200)","1:implement marketing strategies [http://data.europa.eu/esco/skill/13e2378e-0d10-450d-843a-b3592575826e] (fuzzy,0.9200) || 2:collaborate in the development of marketing strategies [http://data.europa.eu/esco/skill/b679ef35-eebf-4da8-8e45-fee6841c3214] (fuzzy,0.9200)",http://data.europa.eu/esco/occupation/5ac377d2-e1d0-4911-a299-b4ef2782a0ba,http://data.europa.eu/esco/skill/13e2378e-0d10-450d-843a-b3592575826e;http://data.europa.eu/esco/skill/b679ef35-eebf-4da8-8e45-fee6841c3214,
36170003,BUSINESS-DEVELOPMENT,partial,BUSINESS DEVELOPMENT MANAGER Summary Seeking an Account Manager role that offers a vibrant workplace where I can use my 13 years of account management experience. Highlights Trained in business development Accomplished in relationship selling Proven sales track record Recruiter training Sales management Team leadership Sales coaching Accomplishments Aerotek Top Producer in the Midwest in 2007 and 2008 Devised successful recruiting plans for multiple clients cementing their positions as cornersto,"1:sales account manager [http://data.europa.eu/esco/occupation/2eac08c2-a81a-46fc-8d75-eb0e0f3e0f6d] (alt_label,0.9500) || 2:chief executive officer [http://data.europa.eu/esco/occupation/6c3fd65e-2d24-47d8-bc22-9e93512bdcc2] (alt_label,0.9500) || 3:chief operating officer [http://data.europa.eu/esco/occupation/c64a6e4e-5b38-4f93-b26d-aded817aeaf3] (alt_label,0.9500) || 4:bank manager [http://data.europa.eu/esco/occupation/754ce08f-b4d9-4b9c-b9d2-06f15258a3ce] (fuzzy,0.9200) || 5:business analyst [http://data.europa.eu/esco/occupation/60082a99-d8ef-4e84-9290-78902681b6ed] (fuzzy,0.9200)",,http://data.europa.eu/esco/occupation/2eac08c2-a81a-46fc-8d75-eb0e0f3e0f6d,,
37521676,BUSINESS-DEVELOPMENT,success,"BUSINESS DEVELOPMENT MANAGER Professional Summary Seasoned business development professional seeking leadership position with increasing responsibility and room to contribute to company success. Accomplished Business Development Manager with innovative leadership style and expertise in brand positioning strategies. Outstanding sales, marketing, business development and account management talents with great influencing and communication strengths. Personable team player able to relate easily to p","1:bank manager [http://data.europa.eu/esco/occupation/754ce08f-b4d9-4b9c-b9d2-06f15258a3ce] (fuzzy,0.9200) || 2:business analyst [http://data.europa.eu/esco/occupation/60082a99-d8ef-4e84-9290-78902681b6ed] (fuzzy,0.9200)","1:integrated circuits [http://data.europa.eu/esco/skill/2b9f4584-da2e-44e2-a2fb-4dd4fc64c1a2] (alt_label,0.9500) || 2:procurement of ICT network equipment [http://data.europa.eu/esco/skill/32428b21-514b-42c2-81b5-244a7804ea74] (alt_label,0.9500) || 3:write technical reports [http://data.europa.eu/esco/skill/941364b9-1375-4add-9889-d67bae99bc8c] (fuzzy,0.9200) || 4:Computer Assisted Language Learning [http://data.europa.eu/esco/skill/b8df1689-6763-437d-bfca-fe03d43f36c3] (fuzzy,0.9200)",http://data.europa.eu/esco/occupation/754ce08f-b4d9-4b9c-b9d2-06f15258a3ce,http://data.europa.eu/esco/skill/2b9f4584-da2e-44e2-a2fb-4dd4fc64c1a2;http://data.europa.eu/esco/skill/32428b21-514b-42c2-81b5-244a7804ea74,
39295103,FINANCE,success,"FINANCE AND ACCOUNTING SPECIALIST Experience Finance And Accounting Specialist , 11/2005 to 11/2017 Company Name – City , State Collaborated extensively with auditors during preliminary and year-end audit processes. Reconciled financial accounts using Innoprise software. Assisted in the implementation of Innoprise and Water software. Managed all payments processing, invoicing and collections tasks. Processed invoice payments and recorded information in account database. Increased customer satisf","1:accountant [http://data.europa.eu/esco/occupation/eda0d957-3c3c-4139-b89a-a18bc9e18897] (exact,1.0000) || 2:financial controller [http://data.europa.eu/esco/occupation/5e5b1b61-1351-4d3b-a293-deb3661715dd] (alt_label,0.9500) || 3:accounting analyst [http://data.europa.eu/esco/occupation/caafca69-9faa-4850-8930-a3fa07fea4e6] (fuzzy,0.9200)","1:customer service [http://data.europa.eu/esco/skill/15a33d76-4640-438d-ae64-fdc0c1d3eebc] (exact,1.0000) || 2:database [http://data.europa.eu/esco/skill/43ae58b9-5e56-4524-b45a-b422777a0576] (exact,1.0000) || 3:augmented reality [http://data.europa.eu/esco/skill/abdc7ac8-151f-40c6-bc1a-1e9b4b073290] (alt_label,0.9500) || 4:identify necessary human resources [http://data.europa.eu/esco/skill/b22e46d7-1c5f-4837-943f-7f75531acc26] (fuzzy,0.9200) || 5:accurately estimate work hours [http://data.europa.eu/esco/skill/bd556223-d9af-434b-a6bf-e70fa3ed3d12] (fuzzy,0.9200) || 6:use spreadsheets software [http://data.europa.eu/esco/skill/1973c966-f236-40c9-b2d4-5d71a89019be] (fuzzy,0.9200) || 7:use microsoft office [http://data.europa.eu/esco/skill/f683ae1d-cb7c-4aa1-b9fe-205e1bd23535] (fuzzy,0.9200) || 8:Microsoft Access [http://data.europa.eu/esco/skill/3d03c40c-1b83-4793-8902-2523f40af59e] (fuzzy,0.9200) || 9:use word processing software [http://data.europa.eu/esco/skill/81633a44-f1db-4a01-a940-804c6905e330] (fuzzy,0.9200) || 10:human resource management [http://data.europa.eu/esco/skill/e437eba1-3e22-41f2-8703-741e94785cba] (fuzzy,0.8000)",http://data.europa.eu/esco/occupation/eda0d957-3c3c-4139-b89a-a18bc9e18897,http://data.europa.eu/esco/skill/15a33d76-4640-438d-ae64-fdc0c1d3eebc;http://data.europa.eu/esco/skill/43ae58b9-5e56-4524-b45a-b422777a0576,
41152404,BPO,success,"TEST ANALYST-INTERN/CONTRACTOR Profile 3+ years of professional experience in Software Testing. Experience in working with Agile Software Development. Strong scripting skills with good expereince in test automation. Expertise in Manual and Automation testing of various web and mobile- based applications. Good programming skills accompanied by excellent analytical and problem solving skills. Hands on experience in preparing Test Plans, Test Cases, Automated Tests and executing the same. Proven ex","1:test engineer [http://data.europa.eu/esco/occupation/c8fa93eb-7c2c-42c3-b135-c2e825a6615e] (exact,1.0000) || 2:call centre quality auditor [http://data.europa.eu/esco/occupation/580c98d4-fb97-4597-864c-54140f058f1b] (fuzzy,0.9350) || 3:chemical tester [http://data.europa.eu/esco/occupation/a8ccc522-f57d-4800-a821-2e5c910e8301] (fuzzy,0.9200)","1:C++ [http://data.europa.eu/esco/skill/b633eb55-8f1f-4ae6-ab4c-2022ffe2cb7f] (exact,1.0000) || 2:C# [http://data.europa.eu/esco/skill/4c016b68-4116-468c-9dc6-42710c239e4a] (exact,1.0000) || 3:iOS [http://data.europa.eu/esco/skill/ce26e71f-2d47-474e-89b6-7920931ac4fc] (exact,1.0000) || 4:statistics [http://data.europa.eu/esco/skill/7ee4c2ea-b349-4bd2-81a3-ec31475d4833] (exact,1.0000) || 5:Android (mobile operating systems) [http://data.europa.eu/esco/skill/d8829a1d-dbde-435b-b921-29d6462f35c9] (alt_label,0.9500) || 6:SQL Server [http://data.europa.eu/esco/skill/c062bab3-3ea0-4291-9220-a2d8fef4bead] (alt_label,0.9500) || 7:Java (computer programming) [http://data.europa.eu/esco/skill/19a8293b-8e95-4de3-983f-77484079c389] (fuzzy,0.9200) || 8:JavaScript [http://data.europa.eu/esco/skill/3cd569a2-4f88-4c1e-9995-8dce8c5e51a7] (fuzzy,0.9200) || 9:execute integration testing [http://data.europa.eu/esco/skill/ea412de3-9d7a-4943-8d8c-c6d3c7495d0e] (fuzzy,0.9200) || 10:levels of software testing [http://data.europa.eu/esco/skill/85f46538-ae70-498a-bfbc-b8ddafe96c7d] (fuzzy,0.9200)",http://data.europa.eu/esco/occupation/c8fa93eb-7c2c-42c3-b135-c2e825a6615e,http://data.europa.eu/esco/skill/b633eb55-8f1f-4ae6-ab4c-2022ffe2cb7f;http://data.europa.eu/esco/skill/4c016b68-4116-468c-9dc6-42710c239e4a,
41506705,DESIGNER,success,"MECHANICAL DESIGNER Professional Profile ​ Design Engineer with a proven track record of success. Offer excellence in analytical decision making and product innovation to drive business growth and collaboration. An articulate presenter with the ability to communicate technical information in a clear and concise manner. ​ Enthusiastic and driven design engineer with diverse experience across project life cycle, including research and development, manufacturing, and project leadership. A strong co","1:art director [http://data.europa.eu/esco/occupation/cb93fd23-1f51-4495-867a-936c1967066b] (alt_label,0.9500) || 2:metal sawing machine operator [http://data.europa.eu/esco/occupation/3a8a7f87-d394-42cd-804b-7a32375b90f0] (alt_label,0.9500) || 3:secretary [http://data.europa.eu/esco/occupation/5ac377d2-e1d0-4911-a299-b4ef2782a0ba] (fuzzy,0.9500) || 4:sales account manager [http://data.europa.eu/esco/occupation/2eac08c2-a81a-46fc-8d75-eb0e0f3e0f6d] (fuzzy,0.9500) || 5:drafter [http://data.europa.eu/esco/occupation/a4869ae9-2dfe-48cc-bd97-f803880f3407] (fuzzy,0.9200) || 6:laser cutting machine operator [http://data.europa.eu/esco/occupation/bc6649ff-05f8-4c98-9db6-9be0d13883a9] (fuzzy,0.9200) || 7:punch press operator [http://data.europa.eu/esco/occupation/fd2dd3e9-498f-490f-8589-8c1eea05aa3f] (fuzzy,0.9200) || 8:sales manager [http://data.europa.eu/esco/occupation/a7594892-ff23-4e2a-aedf-2f967ebca15c] (fuzzy,0.9200)","1:Polish [http://data.europa.eu/esco/skill/f3e9b964-0c2d-46c4-a895-8b3583054d69] (exact,1.0000) || 2:project management [http://data.europa.eu/esco/skill/7111b95d-0ce3-441a-9d92-4c75d05c4388] (exact,1.0000) || 3:project commissioning [http://data.europa.eu/esco/skill/4ca91852-c534-4b98-ab1c-59a126534c88] (alt_label,0.9500) || 4:customer service [http://data.europa.eu/esco/skill/15a33d76-4640-438d-ae64-fdc0c1d3eebc] (alt_label,0.9500) || 5:predictive maintenance [http://data.europa.eu/esco/skill/7d913551-e17a-40ba-baf7-48d0c3b12e50] (alt_label,0.9500) || 6:use microsoft office [http://data.europa.eu/esco/skill/f683ae1d-cb7c-4aa1-b9fe-205e1bd23535] (fuzzy,0.9200) || 7:Microsoft Access [http://data.europa.eu/esco/skill/3d03c40c-1b83-4793-8902-2523f40af59e] (fuzzy,0.9200) || 8:operating systems [http://data.europa.eu/esco/skill/f9a6f35b-01a7-40c9-8b61-b6ee46f97272] (fuzzy,0.9200) || 9:operate GPS systems [http://data.europa.eu/esco/skill/97fb21db-a4e5-4b03-af21-03b9d510d872] (fuzzy,0.8232) || 10:human resource management [http://data.europa.eu/esco/skill/e437eba1-3e22-41f2-8703-741e94785cba] (fuzzy,0.8000)",http://data.europa.eu/esco/occupation/cb93fd23-1f51-4495-867a-936c1967066b,http://data.europa.eu/esco/skill/f3e9b964-0c2d-46c4-a895-8b3583054d69;http://data.europa.eu/esco/skill/7111b95d-0ce3-441a-9d92-4c75d05c4388,
54180474,ARTS,success,"SCHOOL LIBRARY MEDIA SPECIALIST Professional Summary My goal is to bring my unique set of skills and experiences from my professional background to the position of College and Career Coordinator, at Broken Arrow Public Schools, which will allow me to provide an irreplaceable viewpoint and ensure every student receives the highest quality instruction each day. Remarkably skilled in developing quality activities and presentations to promote career awareness coursework designed for effective educat","1:politics lecturer [http://data.europa.eu/esco/occupation/c593ded7-2e97-44a5-a5f3-f6115ff98233] (fuzzy,0.9350) || 2:secondary school teacher [http://data.europa.eu/esco/occupation/5efb2c08-ba3a-4659-a2e4-1883f54e77b6] (fuzzy,0.9200)","1:English [http://data.europa.eu/esco/skill/6d3edede-8951-4621-a835-e04323300fa0] (exact,1.0000) || 2:advise on curriculum development [http://data.europa.eu/esco/skill/142a5319-60cb-42a2-891f-90ba92af18b1] (fuzzy,0.9200) || 3:develop artistic educational activities [http://data.europa.eu/esco/skill/88cc9573-e12f-4915-a915-5c3ee19891cb] (fuzzy,0.9200) || 4:study craft trends [http://data.europa.eu/esco/skill/5a59dbb9-d2f9-420f-b169-3949460cc4ff] (fuzzy,0.9200) || 5:advise on lesson plans [http://data.europa.eu/esco/skill/bd420d08-880b-43bc-a808-d46ad3115168] (fuzzy,0.9200) || 6:prepare promotional materials on nutritition [http://data.europa.eu/esco/skill/1d0293a1-638f-4e0f-a4c1-4cb59e6e1a22] (fuzzy,0.9200) || 7:manage production of destination promotional materials [http://data.europa.eu/esco/skill/f162173b-2c79-42d0-9933-f45f4cf87e5c] (fuzzy,0.9200) || 8:build a strategic marketing plan for destination management [http://data.europa.eu/esco/skill/f7373df6-e5c5-4390-aa67-a48bddc5c1e6] (fuzzy,0.9200) || 9:develop learning curriculum [http://data.europa.eu/esco/skill/7ee872de-db39-4ae3-8e19-75d1a2cdf697] (fuzzy,0.8280)",http://data.europa.eu/esco/occupation/c593ded7-2e97-44a5-a5f3-f6115ff98233,http://data.europa.eu/esco/skill/6d3edede-8951-4621-a835-e04323300fa0;http://data.europa.eu/esco/skill/142a5319-60cb-42a2-891f-90ba92af18b1,
55500538,AGRICULTURE,partial,"FEMA VACCINE DISTRIBUTION Professional Summary Committed to sustainable community development and fighting climate change, bringing 5 years of outdoor and forestry experience and 2 years international experience through the Peace Corps. Successful in project planning, community integration and development. Knowledgeable in various environmental, forestry, and agricultural disciplines using sustainable methods. Education in Geography and Urban Planning. Skills Proposal Development Funding Source ",,"1:perform weed control operations [http://data.europa.eu/esco/skill/94a1b3c5-2a95-4703-8559-973bc6d14747] (alt_label,0.9500) || 2:conserve natural resources [http://data.europa.eu/esco/skill/b25c3eb8-fd63-4d77-8308-7061dbd271c1] (fuzzy,0.9200) || 3:make decisions regarding forestry management [http://data.europa.eu/esco/skill/c8195036-dab3-4d87-b83b-395a59b18a42] (fuzzy,0.9200)",,http://data.europa.eu/esco/skill/94a1b3c5-2a95-4703-8559-973bc6d14747;http://data.europa.eu/esco/skill/b25c3eb8-fd63-4d77-8308-7061dbd271c1,
61065616,CONSTRUCTION,partial,"CONSTRUCTION MATERIALS FIELD REPRESENTATIVE Summary Result-oriented, high-energy, hands-on professional. Highly motivated, creative, organized and versatile person, with over twelve years' experience within the Construction Materials Inspection and Testing industry. I possess the ability to solve complex problems in a fast-paced environment, by using critical thinking and assertiveness. I have proven ability to self-direct, complete projects with limited supervision and grasp new concepts and id",,"1:logging [http://data.europa.eu/esco/skill/e8488824-3865-4d2a-97e9-fe4647d6add3] (exact,1.0000) || 2:perform laboratory tests [http://data.europa.eu/esco/skill/0b917c3e-e49f-40d9-8f95-3bc8e9c06fd2] (alt_label,0.9500)",,http://data.europa.eu/esco/skill/e8488824-3865-4d2a-97e9-fe4647d6add3;http://data.europa.eu/esco/skill/0b917c3e-e49f-40d9-8f95-3bc8e9c06fd2,
75057933,ADVOCATE,success,"FAMILY AND COMMUNITY ADVOCATE Professional Summary Affiliations Creative problem solver & computer literate Experience in Domestic Violence advocacy, conflict resolution, Trauma counseling & community referrals Excellent communication, organizational and information gathering skills Effective multicultural communication & interaction skills Ability to provide crisis services including suicide prevention Expertise in Counseling (including in-home) & group facilitation Expertise in developing, imp","1:psychotherapist [http://data.europa.eu/esco/occupation/af69484e-b43f-4685-b22d-f3418df45c4d] (exact,1.0000) || 2:lawyer [http://data.europa.eu/esco/occupation/974d4eab-fbee-4c52-b16e-73bdd8c25b53] (alt_label,0.9800) || 3:justice of the peace [http://data.europa.eu/esco/occupation/f634ce9b-68a5-4a8a-af4a-ed13fc0deba9] (alt_label,0.9650) || 4:drug and alcohol addiction counsellor [http://data.europa.eu/esco/occupation/5d758e75-a116-485a-b800-5db08ffd3ba1] (fuzzy,0.9020)","1:crisis intervention [http://data.europa.eu/esco/skill/8e261d1c-12c0-498e-bfc2-ec0c16496c68] (exact,1.0000) || 2:apply case management [http://data.europa.eu/esco/skill/2ffc7a73-7e1d-434a-b498-2b0c056ced1d] (fuzzy,0.9200) || 3:legal case management [http://data.europa.eu/esco/skill/66aad490-1c20-4e25-b189-634a218ee53e] (fuzzy,0.9200) || 4:supervise data entry [http://data.europa.eu/esco/skill/f399a9c1-be41-4117-bf86-a64b503c4cfd] (fuzzy,0.9200) || 5:maintain data entry requirements [http://data.europa.eu/esco/skill/88564d2d-2dc9-4789-864a-f9cb73f389ec] (fuzzy,0.9200) || 6:advise on mental health [http://data.europa.eu/esco/skill/90ccd1bc-af3f-4c04-b2dd-bef2ba62905d] (fuzzy,0.9200) || 7:promote mental health [http://data.europa.eu/esco/skill/c634630b-210b-4da5-b0f3-894cc292d6e3] (fuzzy,0.9200) || 8:write calibration report [http://data.europa.eu/esco/skill/f96c8129-91b8-4d29-bfa2-3d889e427e74] (fuzzy,0.9200) || 9:write gemstone grading report [http://data.europa.eu/esco/skill/75bff925-ff69-41e3-b7e5-5cbac6cfde18] (fuzzy,0.9200) || 10:collaborate to discuss treatment plans in psychotherapy [http://data.europa.eu/esco/skill/7c07f6f7-f7da-404c-8c48-eee79a6d10d6] (fuzzy,0.9200)",http://data.europa.eu/esco/occupation/af69484e-b43f-4685-b22d-f3418df45c4d,http://data.europa.eu/esco/skill/8e261d1c-12c0-498e-bfc2-ec0c16496c68;http://data.europa.eu/esco/skill/2ffc7a73-7e1d-434a-b498-2b0c056ced1d,
78257294,ACCOUNTANT,success,"SENIOR ACCOUNTANT Summary SEASONED PROFESSIONAL WITH A PROVEN ABILITY TO PERFORM CRITICAL ACCOUNTING FUNCTIONS TO MEET BUSINESS NEEDS AND ENSURE REGULATORY COMPLIANCE FOR CORPORATIONS IN ENERGY INDUSTRY (POWER, GAS, CRUDE/FUEL OIL AND OTHERS). IN-DEPTH KNOWLEDGE OF ACCOUNTING PRINCIPLES AND PRACTICES, INCLUDING COMMODITY AND CASH SETTLEMENTS, TAX/FINANCIAL PLANNING, FISCAL ANALYSIS, ACCOUNT RECONCILIATION, MONTH/YEAR-END CLOSING, COMPLIANCE MANAGEMENT. FAST LEARNER WITH EXCEPTIONAL COMMUNICATION","1:accountant [http://data.europa.eu/esco/occupation/eda0d957-3c3c-4139-b89a-a18bc9e18897] (exact,1.0000) || 2:financial controller [http://data.europa.eu/esco/occupation/5e5b1b61-1351-4d3b-a293-deb3661715dd] (alt_label,0.9500) || 3:accounting analyst [http://data.europa.eu/esco/occupation/caafca69-9faa-4850-8930-a3fa07fea4e6] (embedding,0.6126)","1:accounting [http://data.europa.eu/esco/skill/ecc18804-a466-40d9-98b4-fba5cd67dd4b] (exact,1.0000) || 2:asset management [http://data.europa.eu/esco/skill/b02b38c4-d46d-44da-9479-1310060bd74d] (exact,1.0000) || 3:SAP Data Services [http://data.europa.eu/esco/skill/f8e3425c-fe44-4ffb-bafe-0e20d91dadf4] (alt_label,0.9500) || 4:database management systems [http://data.europa.eu/esco/skill/ab1e97ed-2319-4293-a8b7-072d2648822f] (alt_label,0.9500) || 5:augmented reality [http://data.europa.eu/esco/skill/abdc7ac8-151f-40c6-bc1a-1e9b4b073290] (alt_label,0.9500) || 6:economics [http://data.europa.eu/esco/skill/88af9294-b697-4687-ae19-aefbb6234dfa] (alt_label,0.9500) || 7:use microsoft office [http://data.europa.eu/esco/skill/f683ae1d-cb7c-4aa1-b9fe-205e1bd23535] (fuzzy,0.9200) || 8:perform balance sheet operations [http://data.europa.eu/esco/skill/585ed991-fdab-4f3c-9187-a32bfb7ab822] (fuzzy,0.9200) || 9:resuscitation [http://data.europa.eu/esco/skill/8bd49d04-ab2f-4333-b5d9-12d716e4e2f6] (fuzzy,0.9200) || 10:manage cloud data and storage [http://data.europa.eu/esco/skill/d3286405-49f8-4e8a-8046-a4376b4e7963] (fuzzy,0.9200)",http://data.europa.eu/esco/occupation/eda0d957-3c3c-4139-b89a-a18bc9e18897,http://data.europa.eu/esco/skill/ecc18804-a466-40d9-98b4-fba5cd67dd4b;http://data.europa.eu/esco/skill/b02b38c4-d46d-44da-9479-1310060bd74d,
80275976,BUSINESS-DEVELOPMENT,success,SE BUSINESS DEVELOPMENT MANAGER Highlights National account management Established track record of exceptional sales results Excellent communication skills Resolution-oriented Cross-cultural sales background Exceptional multi-tasker Accomplishments SIMSOC (Simulated Society) Leadership Workshop-Dr. Larry Pepper. Professional Instrument Society of America. Activities Mastering Business Development Workshop-Bill Scheessele. Global Sourcing Quality Engineer Training-GE Power Systems. Six Sigma Gree,"1:sales manager [http://data.europa.eu/esco/occupation/a7594892-ff23-4e2a-aedf-2f967ebca15c] (exact,1.0000) || 2:technical sales representative [http://data.europa.eu/esco/occupation/c956be07-53a3-4b01-b8f8-f0c5a428eaa8] (exact,1.0000) || 3:bank manager [http://data.europa.eu/esco/occupation/754ce08f-b4d9-4b9c-b9d2-06f15258a3ce] (fuzzy,0.9800) || 4:business manager [http://data.europa.eu/esco/occupation/544cd9cf-e2ee-4ac0-8a02-7147af6b97d7] (fuzzy,0.9800) || 5:sales account manager [http://data.europa.eu/esco/occupation/2eac08c2-a81a-46fc-8d75-eb0e0f3e0f6d] (alt_label,0.9500) || 6:business analyst [http://data.europa.eu/esco/occupation/60082a99-d8ef-4e84-9290-78902681b6ed] (fuzzy,0.9500) || 7:brokerage firm director [http://data.europa.eu/esco/occupation/d0e85fe6-78e3-4218-b21a-99b75438b775] (fuzzy,0.9350) || 8:commercial sales representative [http://data.europa.eu/esco/occupation/14031d4a-6e99-442f-b4fe-18262b6432b2] (fuzzy,0.9200) || 9:strategic planning manager [http://data.europa.eu/esco/occupation/4f49df98-98b8-4a9e-98ad-9c5557817eba] (fuzzy,0.9200) || 10:air traffic manager [http://data.europa.eu/esco/occupation/0d442b70-5413-4820-bebf-36dd5ce437ac] (fuzzy,0.9200)","1:economics [http://data.europa.eu/esco/skill/88af9294-b697-4687-ae19-aefbb6234dfa] (exact,1.0000) || 2:mathematics [http://data.europa.eu/esco/skill/4339176e-3acd-4f7f-a5d9-445bee3d23f2] (exact,1.0000) || 3:align efforts towards business development [http://data.europa.eu/esco/skill/ee7f90cc-922e-4da7-a7ae-83c2688fed10] (fuzzy,0.9200) || 4:develop business case [http://data.europa.eu/esco/skill/a4bbd0d9-a6be-4472-b05d-291e60cf6b4b] (fuzzy,0.9200) || 5:business management principles [http://data.europa.eu/esco/skill/0a48d064-dd04-47fb-a00d-85e9b4874033] (fuzzy,0.9200) || 6:agricultural business management [http://data.europa.eu/esco/skill/518779a6-ea5d-4e4b-8029-8bc90b5bcb92] (fuzzy,0.9200) || 7:execute marketing plan [http://data.europa.eu/esco/skill/d5493cca-ee21-4e43-8bcd-ec38680746cc] (fuzzy,0.9200) || 8:prepare exhibition marketing plan [http://data.europa.eu/esco/skill/2962214b-cc38-4d20-aa8b-aa120091d743] (fuzzy,0.9200) || 9:six sigma methods [http://data.europa.eu/esco/skill/4c2c72df-3f3f-48e7-9993-a602354a75e4] (fuzzy,0.9200) || 10:lean project management [http://data.europa.eu/esco/skill/da6393d5-a53c-4863-abc7-51f36281d74e] (fuzzy,0.9200)",http://data.europa.eu/esco/occupation/a7594892-ff23-4e2a-aedf-2f967ebca15c,http://data.europa.eu/esco/skill/88af9294-b697-4687-ae19-aefbb6234dfa;http://data.europa.eu/esco/skill/4339176e-3acd-4f7f-a5d9-445bee3d23f2,
85417107,HEALTHCARE,success,"HIRING MANAGER/RECRUITING MANAGER Summary Self-motivated Human Resources Professional with 9+ years Healthcare and Social Services Recruitment, Management Business Development, Marketing and Staffing experience. Expertise in locating highly qualified candidates for a comprehensive variety of clinical and non-clinical positions. Exceptional interpersonal skills with a focus on team synergies and a drive to achieve organizational goals. Skills Microsoft office (10+ years), Talent Acquisition, Tale","1:human resources manager [http://data.europa.eu/esco/occupation/f605bcd2-90b6-45a0-a558-d05016d68a77] (fuzzy,0.9320) || 2:resource manager [http://data.europa.eu/esco/occupation/9f12704c-5e6c-47b0-a866-3b92663e6a4b] (fuzzy,0.9200) || 3:broadcasting programme director [http://data.europa.eu/esco/occupation/7f0d69cf-8b02-4a84-865a-37585dea9b43] (fuzzy,0.9200) || 4:cultural facilities manager [http://data.europa.eu/esco/occupation/6066ed14-ace3-4352-b656-2b621fd7bc88] (fuzzy,0.9200)","1:talent management strategies [http://data.europa.eu/esco/skill/f206e732-110c-47ce-a53f-f00c9d97c90d] (alt_label,0.9500) || 2:align efforts towards business development [http://data.europa.eu/esco/skill/ee7f90cc-922e-4da7-a7ae-83c2688fed10] (fuzzy,0.9200) || 3:develop business case [http://data.europa.eu/esco/skill/a4bbd0d9-a6be-4472-b05d-291e60cf6b4b] (fuzzy,0.9200) || 4:use microsoft office [http://data.europa.eu/esco/skill/f683ae1d-cb7c-4aa1-b9fe-205e1bd23535] (fuzzy,0.8178) || 5:use word processing software [http://data.europa.eu/esco/skill/81633a44-f1db-4a01-a940-804c6905e330] (fuzzy,0.7957)",http://data.europa.eu/esco/occupation/f605bcd2-90b6-45a0-a558-d05016d68a77,http://data.europa.eu/esco/skill/f206e732-110c-47ce-a53f-f00c9d97c90d;http://data.europa.eu/esco/skill/ee7f90cc-922e-4da7-a7ae-83c2688fed10,
91026230,APPAREL,success,"CO-FOUNDER / SALES & MARKETING COORDINATOR Core Qualifications Microsoft Office: Word, Excel, Access, and PowerPoint *Proficient with Apple OSX and built-in apps such as Keynote *Advanced knowledge of Google Analytics programing *Well versed and experienced with Facebook Analytics & Ads Professional Experience 01/2014 to Current Co-Founder / Sales & Marketing Coordinator Company Name － City , State Plan, develop, organize, implement, direct and evaluate the fiscal function and performance Develo","1:secretary [http://data.europa.eu/esco/occupation/5ac377d2-e1d0-4911-a299-b4ef2782a0ba] (fuzzy,0.9800) || 2:sales manager [http://data.europa.eu/esco/occupation/a7594892-ff23-4e2a-aedf-2f967ebca15c] (fuzzy,0.9650) || 3:rental manager [http://data.europa.eu/esco/occupation/de31a27f-c6ba-4d4f-87cd-b405e1852121] (alt_label,0.9500) || 4:sales account manager [http://data.europa.eu/esco/occupation/2eac08c2-a81a-46fc-8d75-eb0e0f3e0f6d] (fuzzy,0.9500) || 5:university teaching assistant [http://data.europa.eu/esco/occupation/1092dd4c-b96b-4b3f-87fe-4a9e8d1937fb] (fuzzy,0.9200)","1:customer service [http://data.europa.eu/esco/skill/15a33d76-4640-438d-ae64-fdc0c1d3eebc] (exact,1.0000) || 2:first aid [http://data.europa.eu/esco/skill/f7464f30-662b-4177-85a0-3df9693e9e58] (exact,1.0000) || 3:first response [http://data.europa.eu/esco/skill/eaa4cdc0-43e0-4388-9b8a-e2779218d10e] (alt_label,0.9500) || 4:resuscitation [http://data.europa.eu/esco/skill/8bd49d04-ab2f-4333-b5d9-12d716e4e2f6] (alt_label,0.9500) || 5:align efforts towards business development [http://data.europa.eu/esco/skill/ee7f90cc-922e-4da7-a7ae-83c2688fed10] (fuzzy,0.9200) || 6:develop business case [http://data.europa.eu/esco/skill/a4bbd0d9-a6be-4472-b05d-291e60cf6b4b] (fuzzy,0.9200) || 7:handle cash flow [http://data.europa.eu/esco/skill/e4b6f863-fa9f-4fe7-a984-f948f8c90d24] (fuzzy,0.9200) || 8:advise guests on menus for special events [http://data.europa.eu/esco/skill/449f85e3-22e6-44d3-a295-b2fb1ab8b494] (fuzzy,0.9200) || 9:arrange special events [http://data.europa.eu/esco/skill/aea9e7b9-53a3-4f03-9d9c-4ef6c383403a] (fuzzy,0.9200) || 10:carry out inventory control accuracy [http://data.europa.eu/esco/skill/53815c73-d352-4d4d-92cb-fb7020cbd8e6] (fuzzy,0.9200)",http://data.europa.eu/esco/occupation/5ac377d2-e1d0-4911-a299-b4ef2782a0ba,http://data.europa.eu/esco/skill/15a33d76-4640-438d-ae64-fdc0c1d3eebc;http://data.europa.eu/esco/skill/f7464f30-662b-4177-85a0-3df9693e9e58,
99124477,BANKING,success,"ASSOCIATE CONSULTANT Professional Summary 7+ years of experience in Analysis, Design, Coding, Testing, Database Administrator & Production Support of application software in Mainframe platform. Having working Domain experience in the areas of Banking, Financial, Warehouse, Legacy System. Extensive hands on experience on IBM Mainframe Application programming using COBOL II, CICS, JCL, DB2, VSAM, UNIX. Using BRIO for generation of Usage Reports. Extensively used debugging tools such as XPEDITOR, I","1:ICT network technician [http://data.europa.eu/esco/occupation/64c7d461-152c-477f-a8e2-c2c537e9d617] (alt_label,0.9500)","1:SQL [http://data.europa.eu/esco/skill/598de5b0-5b58-4ea7-8058-a4bc4d18c742] (exact,1.0000) || 2:database management systems [http://data.europa.eu/esco/skill/ab1e97ed-2319-4293-a8b7-072d2648822f] (alt_label,0.9500) || 3:building automation [http://data.europa.eu/esco/skill/6709e92c-7546-46a4-aa57-5e951bd4cb0f] (alt_label,0.9500) || 4:DB2 [http://data.europa.eu/esco/skill/3cee858e-79e8-4a4b-b99f-93c7f735d58b] (fuzzy,0.9200) || 5:COBOL [http://data.europa.eu/esco/skill/def007fa-5fed-4a5f-91a2-b0d7e3db1be1] (fuzzy,0.9200)",http://data.europa.eu/esco/occupation/64c7d461-152c-477f-a8e2-c2c537e9d617,http://data.europa.eu/esco/skill/598de5b0-5b58-4ea7-8058-a4bc4d18c742;http://data.europa.eu/esco/skill/ab1e97ed-2319-4293-a8b7-072d2648822f,
